IMG_6846_jpeg.rf.394106442ecf012763a2933906b2ebfc.jpg,250,0,2870,3440,Babyfood_1-99g_Halal_NonHealthy
IMG_6838_jpeg.rf.11f8e494ef6811b7562ec2f5085e494c.jpg,10,700,2880,3408,Babyfood_1-99g_Halal_NonHealthy
IMG_6847_jpeg.rf.392851b4b3577cef8b7cf6adb9e16479.jpg,228,367,2559,3921,Babyfood_1-99g_Halal_NonHealthy
IMG_6858_jpeg.rf.1b75f1c829eb5e2627e7d234a41ce4d6.jpg,820,540,2200,3707,Babyfood_1-99g_Halal_NonHealthy
IMG_6855_jpeg.rf.4897baaabe7519e19de346d5dddd6c29.jpg,0,0,2360,3690,Babyfood_1-99g_Halal_NonHealthy
IMG_6850_jpeg.rf.3b6dcaf437be9c39cbc18e7989cd181f.jpg,40,0,2810,4032,Babyfood_1-99g_Halal_NonHealthy
IMG_6845_jpeg.rf.41bb93fa3494d839418f0eea3f276696.jpg,0,0,2400,3210,Babyfood_1-99g_Halal_NonHealthy
IMG_6834_jpeg.rf.056ff28c5cde63278d8029e548bcd4ea.jpg,300,860,2610,3497,Babyfood_1-99g_Halal_NonHealthy
IMG_6839_jpeg.rf.14897d9ba914a011a016bd0be7a2fa82.jpg,0,0,2770,2990,Babyfood_1-99g_Halal_NonHealthy
IMG_6835_jpeg.rf.2c219ac88826ee3c0452fff0f1964cc1.jpg,880,650,2110,3547,Babyfood_1-99g_Halal_NonHealthy
IMG_6853_jpeg.rf.5dbdd011aa49340250157c541110f15e.jpg,360,0,3024,3330,Babyfood_1-99g_Halal_NonHealthy
IMG_6841_jpeg.rf.6a1102b4644f7a824c5b34bca6203af6.jpg,780,110,2190,3567,Babyfood_1-99g_Halal_NonHealthy
IMG_6842_jpeg.rf.8a91084f75e4d21393df8bab57f6ba3d.jpg,457,130,2584,3543,Babyfood_1-99g_Halal_NonHealthy
IMG_6857_jpeg.rf.9396db08680ab57cf18ce82003fefa44.jpg,120,310,2740,3387,Babyfood_1-99g_Halal_NonHealthy
IMG_6837_jpeg.rf.8f45c937eb0eb79d164669130000d9e0.jpg,350,500,2990,3177,Babyfood_1-99g_Halal_NonHealthy
IMG_6843_jpeg.rf.00446008ef77d14a9b9b11a8282a44a6.jpg,240,0,2360,3320,Babyfood_1-99g_Halal_NonHealthy
IMG_6865_jpeg.rf.31a3595db81bba6312ddc0b9236241ee.jpg,650,480,2060,3478,Babyfood_1-99g_Halal_NonHealthy
IMG_6851_jpeg.rf.8e69989d29044a62f35bb4f2b7903783.jpg,320,640,2350,3497,Babyfood_1-99g_Halal_NonHealthy
IMG_6832_jpeg.rf.923e2dcdbda09da36f87a9c378f6e8fd.jpg,219,461,2741,3306,Babyfood_1-99g_Halal_NonHealthy
IMG_6849_jpeg.rf.76e710d2c38ec17117837ddbd880d094.jpg,560,480,2630,3667,Babyfood_1-99g_Halal_NonHealthy
IMG_6852_jpeg.rf.61c88c3be81ff9db21ac690c42a92bf3.jpg,328,369,2619,3581,Babyfood_1-99g_Halal_NonHealthy
IMG_6861_jpeg.rf.50687483a94b73b9b70eb3c8459dc381.jpg,0,490,3024,3348,Babyfood_1-99g_Halal_NonHealthy
IMG_6866_jpeg.rf.a16b26bf9e596bee37de09e2f8c3329f.jpg,0,410,2650,2579,Babyfood_1-99g_Halal_NonHealthy
IMG_6840_jpeg.rf.055734c17fd4ef79d2f82b6fccfaee4a.jpg,690,1060,2410,3007,Babyfood_1-99g_Halal_NonHealthy
IMG_6864_jpeg.rf.7adecd2a74ce0b7a42739764745ce51e.jpg,10,290,2860,3128,Babyfood_1-99g_Halal_NonHealthy
IMG_6863_jpeg.rf.cef2bd68e6bb6b74246acb33c4846cf3.jpg,790,410,2140,3478,Babyfood_1-99g_Halal_NonHealthy
IMG_6836_jpeg.rf.e67fc31b4e6defc56dce4b3ab51923a5.jpg,100,1430,2954,2607,Babyfood_1-99g_Halal_NonHealthy
IMG_6860_jpeg.rf.fc1a6f2657e1637863b170394ce50204.jpg,790,500,2300,3637,Babyfood_1-99g_Halal_NonHealthy
IMG_6844_jpeg.rf.b0fcf343322845bd2e460c46a20a7702.jpg,388,150,2639,3591,Babyfood_1-99g_Halal_NonHealthy
IMG_6859_jpeg.rf.ef4c3817f6b80aad1516563130265d52.jpg,180,340,2800,3397,Babyfood_1-99g_Halal_NonHealthy
IMG_6862_jpeg.rf.e38bc6be796dab6452767c4ea90ff353.jpg,30,320,2920,3618,Babyfood_1-99g_Halal_NonHealthy
IMG_6856_jpeg.rf.b218a5513ae72b6af7c855f0f2d1d463.jpg,200,100,2760,3827,Babyfood_1-99g_Halal_NonHealthy
IMG_6833_jpeg.rf.d0084e94b9f5e3f6b6c3c6f3a0dc96cc.jpg,670,600,1950,3737,Babyfood_1-99g_Halal_NonHealthy
IMG_6848_jpeg.rf.ebb1ac444d5b83ecae84201db5b67ff8.jpg,0,0,2600,3160,Babyfood_1-99g_Halal_NonHealthy
IMG_6854_jpeg.rf.cf3d84ee939bc4130c4da349f4ad89e2.jpg,0,0,2570,3680,Babyfood_1-99g_Halal_NonHealthy