IMG_6483_jpeg.rf.2d0247d5410bdc3e65d48d441298a959.jpg,125,250,437,538,HoneyOtherSpreads_1-99g_NonHalal_NonHealthy
IMG_6500_jpeg.rf.392673cf3f0f21de9bbdafadb70ba6ba.jpg,121,222,457,497,HoneyOtherSpreads_1-99g_NonHalal_NonHealthy
IMG_6504_jpeg.rf.27e5081a6a3e6470e211f4fba6d324c8.jpg,65,228,439,544,HoneyOtherSpreads_1-99g_NonHalal_NonHealthy
IMG_6496_jpeg.rf.1fe580680f6d4d9b5fb55dca549a8442.jpg,61,160,452,530,HoneyOtherSpreads_1-99g_NonHalal_NonHealthy
IMG_6501_jpeg.rf.4fc95b02991f5b54652dff73264d4d58.jpg,201,224,504,447,HoneyOtherSpreads_1-99g_NonHalal_NonHealthy
IMG_6507_jpeg.rf.0b98bcac75bccf0fa3e77a0ee6275633.jpg,172,264,516,544,HoneyOtherSpreads_1-99g_NonHalal_NonHealthy
IMG_6481_jpeg.rf.4b7935417b230a36ea837519179aab47.jpg,65,132,576,497,HoneyOtherSpreads_1-99g_NonHalal_NonHealthy
IMG_6487_jpeg.rf.603a978a27135183d5af2f692853837d.jpg,119,129,519,543,HoneyOtherSpreads_1-99g_NonHalal_NonHealthy
IMG_6484_jpeg.rf.ab8602a0f255238464cdb522740c1b3f.jpg,109,225,548,564,HoneyOtherSpreads_1-99g_NonHalal_NonHealthy
IMG_6495_jpeg.rf.5196493cb5e10ef9a9357f3ddd0b074b.jpg,83,166,466,539,HoneyOtherSpreads_1-99g_NonHalal_NonHealthy
IMG_6479_jpeg.rf.47be30dba680869e4704692ad07ce75c.jpg,110,228,482,574,HoneyOtherSpreads_1-99g_NonHalal_NonHealthy
IMG_6512_jpeg.rf.8453f891c27ca5dfc6cd0a07d25bf4c2.jpg,146,261,457,524,HoneyOtherSpreads_1-99g_NonHalal_NonHealthy
IMG_6486_jpeg.rf.a36e48772cd514b1371b2dc0d5d235a4.jpg,167,126,581,536,HoneyOtherSpreads_1-99g_NonHalal_NonHealthy
IMG_6482_jpeg.rf.6a479f5bb5038b06ae4c58bd3f3a9d8d.jpg,156,245,476,532,HoneyOtherSpreads_1-99g_NonHalal_NonHealthy
IMG_6490_jpeg.rf.bdfb9c4ce9ada981b4df8f0d0fb8933f.jpg,105,198,461,574,HoneyOtherSpreads_1-99g_NonHalal_NonHealthy
IMG_6508_jpeg.rf.9a1251da2d2638a2659e7d809f39d331.jpg,187,268,493,521,HoneyOtherSpreads_1-99g_NonHalal_NonHealthy
IMG_6493_jpeg.rf.40ed261c36ac422ad114ff3c1a2d102e.jpg,114,197,466,542,HoneyOtherSpreads_1-99g_NonHalal_NonHealthy
IMG_6488_jpeg.rf.820331995a3871376efe50461a9195e4.jpg,149,225,458,557,HoneyOtherSpreads_1-99g_NonHalal_NonHealthy
IMG_6515_jpeg.rf.c3c761a44718c3f5572c1305f1e1ce6e.jpg,134,303,434,549,HoneyOtherSpreads_1-99g_NonHalal_NonHealthy
IMG_6491_jpeg.rf.db3e161c5c4a4c529a468d011d735b9f.jpg,177,312,428,583,HoneyOtherSpreads_1-99g_NonHalal_NonHealthy
IMG_6485_jpeg.rf.e9fc2cf543bd255e2f434b392c04d45c.jpg,113,138,512,544,HoneyOtherSpreads_1-99g_NonHalal_NonHealthy
IMG_6489_jpeg.rf.fb920aeeae9945b397cea305a1d19414.jpg,124,195,463,556,HoneyOtherSpreads_1-99g_NonHalal_NonHealthy