IMG_6828_jpeg.rf.956b9a2962f4f6e6484c9f790b51d640.jpg,135,10,2985,2909,Babyfood_100-199g_Halal_NonHealthy
IMG_6823_jpeg.rf.e6dca97a9f92f0d8af8de3cc20054abb.jpg,305,15,2375,2619,Babyfood_100-199g_Halal_NonHealthy
IMG_0404_jpeg.rf.a76f5ad4c25833a45f6778bca5839508.jpg,244,1202,2942,2654,Babyfood_100-199g_Halal_NonHealthy
IMG_6829_jpeg.rf.231301433b8aa20226cbabc87be55a07.jpg,330,295,2465,3623,Babyfood_100-199g_Halal_NonHealthy
IMG_0403_jpeg.rf.41413546947a28aac20a8cda5c0a52d3.jpg,350,1220,2620,3147,Babyfood_100-199g_Halal_NonHealthy
IMG_6830_jpeg.rf.17a28dbca5a68411de6e654fb442a609.jpg,320,55,2730,3543,Babyfood_100-199g_Halal_NonHealthy
IMG_6827_jpeg.rf.463fec9056cac23bed1c4cfed4207178.jpg,475,310,2465,3448,Babyfood_100-199g_Halal_NonHealthy
IMG_6824_jpeg.rf.9e75d719499f32fbb9e66b331f90b8f2.jpg,740,810,2195,3338,Babyfood_100-199g_Halal_NonHealthy
IMG_0407_jpeg.rf.e7645b45a1d57d8813b4b5f2cd3af97a.jpg,650,740,2040,3527,Babyfood_100-199g_Halal_NonHealthy
IMG_6826_jpeg.rf.eb3d8b539eda0929e1bea6a49d0b5927.jpg,670,805,2455,3638,Babyfood_100-199g_Halal_NonHealthy
IMG_6831_jpeg.rf.c461dd177c1d4d948a61dad76a8d66f9.jpg,1215,555,1975,3373,Babyfood_100-199g_Halal_NonHealthy
IMG_6825_jpeg.rf.9cd8dfff387d2a9395ed3f1cea475dac.jpg,650,20,2275,2489,Babyfood_100-199g_Halal_NonHealthy
IMG_6822_jpeg.rf.bf92d9274ee1a3eacb150232d893538d.jpg,695,990,2215,3458,Babyfood_100-199g_Halal_NonHealthy
IMG_0406_jpeg.rf.a562f5cd86d8a8a3f1567b71c2e8ed56.jpg,380,1370,2530,3147,Babyfood_100-199g_Halal_NonHealthy
IMG_0405_jpeg.rf.a54c6e2be98174ddf6d1180fc54789a3.jpg,848,816,2401,3526,Babyfood_100-199g_Halal_NonHealthy