IMG_5391_jpeg.rf.176610305550f0b247e21ac783833ee3.jpg,77,251,570,368,BiscuitsCrackersCookies_100-199g_Halal_NonHealthy
IMG_5347_jpeg.rf.03b75266045b60116fd4007dfef2fe0c.jpg,167,170,472,519,BiscuitsCrackersCookies_100-199g_Halal_NonHealthy
IMG_5358_jpeg.rf.0af51d1f1bcc2e72bbf771865e694992.jpg,193,218,548,483,BiscuitsCrackersCookies_100-199g_Halal_NonHealthy
IMG_5354_jpeg.rf.1423d057111e147397437588396016d0.jpg,176,237,449,486,BiscuitsCrackersCookies_100-199g_Halal_NonHealthy
IMG_5368_jpeg.rf.1a076a2181e3d05bff911b5b3912ae57.jpg,40,262,574,343,BiscuitsCrackersCookies_100-199g_Halal_NonHealthy
IMG_5398_jpeg.rf.00365c03bdd662915298f20f469452d0.jpg,102,191,517,329,BiscuitsCrackersCookies_100-199g_Halal_NonHealthy
IMG_5375_jpeg.rf.1b03d5f358d5cd9d5451c73565fbc8d4.jpg,142,267,466,467,BiscuitsCrackersCookies_100-199g_Halal_NonHealthy
IMG_5380_jpeg.rf.2c0f01edd5846ee79407d663addddf23.jpg,265,222,485,541,BiscuitsCrackersCookies_100-199g_Halal_NonHealthy
IMG_5390_jpeg.rf.040f69c263c9653ec496eb2152f1a00a.jpg,102,279,472,368,BiscuitsCrackersCookies_100-199g_Halal_NonHealthy
IMG_5374_jpeg.rf.14b594b245d39641851b5776f9ab5f73.jpg,172,194,496,436,BiscuitsCrackersCookies_100-199g_Halal_NonHealthy
IMG_5424_jpeg.rf.1c50e32b02184c196d23b02e4e81a438.jpg,17,197,573,427,BiscuitsCrackersCookies_100-199g_Halal_NonHealthy
IMG_5410_jpeg.rf.05371106993b4cb660437e24a3e3f496.jpg,80,260,540,411,BiscuitsCrackersCookies_100-199g_Halal_NonHealthy
IMG_5404_jpeg.rf.2b2ab3db7b1b218a20f2482f794f5b44.jpg,104,92,580,559,BiscuitsCrackersCookies_100-199g_Halal_NonHealthy
IMG_5379_jpeg.rf.1e3e5a76729c48bcf7e6b3624865a42a.jpg,265,173,466,541,BiscuitsCrackersCookies_100-199g_Halal_NonHealthy
IMG_5345_jpeg.rf.27404b8b3970b2ea57688a7ee21923e9.jpg,53,227,565,398,BiscuitsCrackersCookies_100-199g_Halal_NonHealthy
IMG_5355_jpeg.rf.299d092e5d980157ccfd6e1bfe951237.jpg,123,278,483,451,BiscuitsCrackersCookies_100-199g_Halal_NonHealthy
IMG_5342_jpeg.rf.2c41ff98c3f47b0c29f3ea4295029cee.jpg,61,243,529,341,BiscuitsCrackersCookies_100-199g_Halal_NonHealthy
IMG_5343_jpeg.rf.3b000ec78e71424ddda9de3953bfb84a.jpg,23,294,578,432,BiscuitsCrackersCookies_100-199g_Halal_NonHealthy
IMG_5409_jpeg.rf.2e01a1b456434f8877f824994047197a.jpg,45,249,589,397,BiscuitsCrackersCookies_100-199g_Halal_NonHealthy
IMG_5367_jpeg.rf.3c2abbd771fa99b4a8ff6ceb18d28922.jpg,104,183,533,432,BiscuitsCrackersCookies_100-199g_Halal_NonHealthy
IMG_5341_jpeg.rf.4d77c316fd29d882db16c024a3bc38f3.jpg,26,215,593,394,BiscuitsCrackersCookies_100-199g_Halal_NonHealthy
IMG_5377_jpeg.rf.3ca6bf665e8ee75956cffdb48c80bc78.jpg,170,251,477,478,BiscuitsCrackersCookies_100-199g_Halal_NonHealthy
IMG_5360_jpeg.rf.3d7f953f50c6245a6ac1ca183ac8fab0.jpg,98,281,553,449,BiscuitsCrackersCookies_100-199g_Halal_NonHealthy
IMG_5382_jpeg.rf.4bc253d0da512ce0abd9f38b0352edc2.jpg,222,240,339,546,BiscuitsCrackersCookies_100-199g_Halal_NonHealthy
IMG_5422_jpeg.rf.40db706026c5805998a4ef32aaea01bd.jpg,63,262,580,373,BiscuitsCrackersCookies_100-199g_Halal_NonHealthy
IMG_5401_jpeg.rf.67a9770843fc7b13a9f5b2a3d28d425d.jpg,241,246,436,506,BiscuitsCrackersCookies_100-199g_Halal_NonHealthy
IMG_5378_jpeg.rf.6091773e09516dff83d2006f3ab59a09.jpg,180,92,400,527,BiscuitsCrackersCookies_100-199g_Halal_NonHealthy
IMG_5425_jpeg.rf.4d391a9ae97a7f4ff289fb4f92532496.jpg,89,200,552,441,BiscuitsCrackersCookies_100-199g_Halal_NonHealthy
IMG_5408_jpeg.rf.7d0b7ca967d717c549325c01b97b8cbf.jpg,157,162,580,546,BiscuitsCrackersCookies_100-199g_Halal_NonHealthy
IMG_5397_jpeg.rf.63d41915b5757300a46247b9dacf49ea.jpg,108,211,514,327,BiscuitsCrackersCookies_100-199g_Halal_NonHealthy
IMG_5405_jpeg.rf.52dcc33fd00a00fb968275510602593b.jpg,157,179,495,530,BiscuitsCrackersCookies_100-199g_Halal_NonHealthy
IMG_5373_jpeg.rf.5937df77e9da2a2bb26a7941ee7a2c4a.jpg,123,159,571,479,BiscuitsCrackersCookies_100-199g_Halal_NonHealthy
IMG_5413_jpeg.rf.6f4dab1bbb02d49128a29091fdf996db.jpg,93,165,557,359,BiscuitsCrackersCookies_100-199g_Halal_NonHealthy
IMG_5423_jpeg.rf.7843ab022e5d69a1d1b18f5042042fdc.jpg,70,210,531,379,BiscuitsCrackersCookies_100-199g_Halal_NonHealthy
IMG_5406_jpeg.rf.7e04f986ca1884f80d51fa347f6af338.jpg,55,165,483,560,BiscuitsCrackersCookies_100-199g_Halal_NonHealthy
IMG_5402_jpeg.rf.5f634b895daede69e4a14b2443212e16.jpg,201,260,383,486,BiscuitsCrackersCookies_100-199g_Halal_NonHealthy
IMG_5363_jpeg.rf.615e737832e0363c85772d478026adb3.jpg,123,248,523,435,BiscuitsCrackersCookies_100-199g_Halal_NonHealthy
IMG_5362_jpeg.rf.63d7722adb7b2d3d27a1462610e32361.jpg,53,179,580,454,BiscuitsCrackersCookies_100-199g_Halal_NonHealthy
IMG_5353_jpeg.rf.8c56586fcf9c24e233ed81257dec04ca.jpg,133,189,457,473,BiscuitsCrackersCookies_100-199g_Halal_NonHealthy
IMG_5414_jpeg.rf.8edd8632208ba729b8c71871826f81f2.jpg,34,235,605,341,BiscuitsCrackersCookies_100-199g_Halal_NonHealthy
IMG_5428_jpeg.rf.5d6f5100d402f47d60e5aa46f88de25c.jpg,70,159,582,400,BiscuitsCrackersCookies_100-199g_Halal_NonHealthy
IMG_5403_jpeg.rf.94c501a1a2efc8e0674b9058b0a919f3.jpg,250,217,406,492,BiscuitsCrackersCookies_100-199g_Halal_NonHealthy
IMG_5392_jpeg.rf.8e8f26fbf8c76af00218f1978bb92127.jpg,121,267,474,362,BiscuitsCrackersCookies_100-199g_Halal_NonHealthy
IMG_5366_jpeg.rf.9d5e1b691fc12399d0c189f0974697de.jpg,79,248,500,456,BiscuitsCrackersCookies_100-199g_Halal_NonHealthy
IMG_5407_jpeg.rf.54e63031d448c1ba10d378dc9e189d3e.jpg,135,154,563,533,BiscuitsCrackersCookies_100-199g_Halal_NonHealthy
IMG_5394_jpeg.rf.9e9681127ecd238a4e452c1aea7eadbb.jpg,87,197,578,354,BiscuitsCrackersCookies_100-199g_Halal_NonHealthy
IMG_5418_jpeg.rf.8162e231d8f07b73070ca463dd23b2a4.jpg,26,294,587,387,BiscuitsCrackersCookies_100-199g_Halal_NonHealthy
IMG_5340_jpeg.rf.505a63bbdb692b803cab14f4494771a6.jpg,142,175,449,490,BiscuitsCrackersCookies_100-199g_Halal_NonHealthy
IMG_5338_jpeg.rf.aea9f974feca334ffdde3f65c92c016f.jpg,43,167,445,508,BiscuitsCrackersCookies_100-199g_Halal_NonHealthy
IMG_5393_jpeg.rf.b55ba25d273aa1c4afb1e59aae546e80.jpg,131,179,457,362,BiscuitsCrackersCookies_100-199g_Halal_NonHealthy
IMG_5419_jpeg.rf.b2f1357fdea2d055cfaf9460ea42a998.jpg,13,238,616,338,BiscuitsCrackersCookies_100-199g_Halal_NonHealthy
IMG_5372_jpeg.rf.bba53b7fb5380fb9399ffebab4badb63.jpg,78,238,474,402,BiscuitsCrackersCookies_100-199g_Halal_NonHealthy
IMG_5346_jpeg.rf.c8867998d5e9a082330ea78d428479e4.jpg,140,75,538,551,BiscuitsCrackersCookies_100-199g_Halal_NonHealthy
IMG_5337_jpeg.rf.cb9e7d3b01e858326ae7e05a6152759c.jpg,216,149,537,559,BiscuitsCrackersCookies_100-199g_Halal_NonHealthy
IMG_5426_jpeg.rf.cfc2077e96f6aec6f9bb3608095c01bf.jpg,45,208,608,440,BiscuitsCrackersCookies_100-199g_Halal_NonHealthy
IMG_5381_jpeg.rf.929452a1c4d226cdf5140080f184af94.jpg,189,227,356,492,BiscuitsCrackersCookies_100-199g_Halal_NonHealthy
IMG_5420_jpeg.rf.bdecaca9965246c4682627af98f1c0f9.jpg,38,237,614,330,BiscuitsCrackersCookies_100-199g_Halal_NonHealthy
IMG_5400_jpeg.rf.a0725f8a1c722aec88602e9779724cab.jpg,167,181,409,478,BiscuitsCrackersCookies_100-199g_Halal_NonHealthy
IMG_5427_jpeg.rf.bd6d9dadb6da7b1c07dd2f193ad9a820.jpg,15,159,523,395,BiscuitsCrackersCookies_100-199g_Halal_NonHealthy
IMG_5365_jpeg.rf.aa7dca0c6353de7ba3b41ce7f5c6ae02.jpg,144,273,502,503,BiscuitsCrackersCookies_100-199g_Halal_NonHealthy
IMG_5348_jpeg.rf.4e56ed148bf24b111f6620788a80f644.jpg,216,181,521,566,BiscuitsCrackersCookies_100-199g_Halal_NonHealthy
IMG_5344_jpeg.rf.d2b29480733fdf1328ca64b376c1cc33.jpg,108,219,514,371,BiscuitsCrackersCookies_100-199g_Halal_NonHealthy
IMG_5369_jpeg.rf.d8cd99be23b6df8ea05f386c50bdcd31.jpg,134,252,460,362,BiscuitsCrackersCookies_100-199g_Halal_NonHealthy
IMG_5357_jpeg.rf.d5e6c0d3800069de574ae7010dce14ba.jpg,55,181,571,471,BiscuitsCrackersCookies_100-199g_Halal_NonHealthy
IMG_5416_jpeg.rf.a89e96a8c6524298333c5502d8733de7.jpg,36,245,618,376,BiscuitsCrackersCookies_100-199g_Halal_NonHealthy
IMG_5411_jpeg.rf.d76c4fdb1e156d7b4280195ce17c0861.jpg,138,148,390,451,BiscuitsCrackersCookies_100-199g_Halal_NonHealthy
IMG_5351_jpeg.rf.d5caa0f09f728b39d97b1cb9a7342263.jpg,138,83,498,497,BiscuitsCrackersCookies_100-199g_Halal_NonHealthy
IMG_5352_jpeg.rf.cc55a0630d1f4254d45db3546c06cfd3.jpg,60,148,551,490,BiscuitsCrackersCookies_100-199g_Halal_NonHealthy
IMG_5356_jpeg.rf.c3cfd8b9e3108f7992c59e26a27c7992.jpg,121,192,525,449,BiscuitsCrackersCookies_100-199g_Halal_NonHealthy
IMG_5395_jpeg.rf.dc0c3bb98741840e1158160e26df6a04.jpg,127,168,529,346,BiscuitsCrackersCookies_100-199g_Halal_NonHealthy
IMG_5396_jpeg.rf.df743f8176fe07fc4242748e8bf35efc.jpg,140,249,576,392,BiscuitsCrackersCookies_100-199g_Halal_NonHealthy
IMG_5370_jpeg.rf.e34f77cb935dbd6a6631f74b84c57b6b.jpg,51,238,518,505,BiscuitsCrackersCookies_100-199g_Halal_NonHealthy
IMG_5359_jpeg.rf.d5df59a33dbf3043b6485569eadfbfa9.jpg,118,259,472,455,BiscuitsCrackersCookies_100-199g_Halal_NonHealthy
IMG_5364_jpeg.rf.dcfb7a3f9145d16406d958479d4f0402.jpg,104,242,457,456,BiscuitsCrackersCookies_100-199g_Halal_NonHealthy
IMG_5339_jpeg.rf.e06eebc01684ce0a8029e67c38c5d733.jpg,142,216,375,484,BiscuitsCrackersCookies_100-199g_Halal_NonHealthy
IMG_5371_jpeg.rf.e3d31c37bd9edca42b47a0b2ce2bb03f.jpg,93,275,533,398,BiscuitsCrackersCookies_100-199g_Halal_NonHealthy
IMG_5415_jpeg.rf.dfcd19809b57dafbc7741f9a9ac3862e.jpg,38,232,580,327,BiscuitsCrackersCookies_100-199g_Halal_NonHealthy
IMG_5399_jpeg.rf.e6b3ab693851973de0aa4e46429fac1b.jpg,188,100,402,447,BiscuitsCrackersCookies_100-199g_Halal_NonHealthy
IMG_5421_jpeg.rf.f2d54ccca11d988eae3fcb86c22aecd3.jpg,15,291,612,395,BiscuitsCrackersCookies_100-199g_Halal_NonHealthy
IMG_5336_jpeg.rf.e45231b3d9e0598be9eac9ee128de60e.jpg,117,102,479,533,BiscuitsCrackersCookies_100-199g_Halal_NonHealthy
IMG_5361_jpeg.rf.fd107de8dbd3ca84bfd86e55df1c4526.jpg,83,165,557,421,BiscuitsCrackersCookies_100-199g_Halal_NonHealthy
IMG_5349_jpeg.rf.f03cc9ecda65c90116ad952e8fda8851.jpg,224,286,525,441,BiscuitsCrackersCookies_100-199g_Halal_NonHealthy
IMG_5389_jpeg.rf.ff081fd15d43de68d1e3656f109020d5.jpg,59,269,538,353,BiscuitsCrackersCookies_100-199g_Halal_NonHealthy
IMG_5376_jpeg.rf.c9138813b11a24e58e9ef80aba2a5da3.jpg,125,216,491,479,BiscuitsCrackersCookies_100-199g_Halal_NonHealthy
IMG_5417_jpeg.rf.fd6bb8b2d935cd8b70327b1817d5588d.jpg,51,233,599,365,BiscuitsCrackersCookies_100-199g_Halal_NonHealthy
IMG_5350_jpeg.rf.fbf1ce65acfc9fd7a8c5edef6861ece4.jpg,133,162,436,539,BiscuitsCrackersCookies_100-199g_Halal_NonHealthy
IMG_5412_jpeg.rf.fcb3005de31dbe7ef0001b0373c64c49.jpg,62,213,532,390,BiscuitsCrackersCookies_100-199g_Halal_NonHealthy