IMG_6385_jpeg.rf.0a787fc70c1016a7fcc841849865f67f.jpg,14,90,603,438,Coffee_200-299g_Halal_NonHealthy
IMG_6377_jpeg.rf.11428cef8d2ff825ebc69580ab05ba56.jpg,68,21,557,587,Coffee_200-299g_Halal_NonHealthy
IMG_6413_jpeg.rf.18d263dc8da849e30bcb84ff2526d49d.jpg,34,105,554,585,Coffee_200-299g_Halal_NonHealthy
IMG_6387_jpeg.rf.3c8decc5d065ef5101ddedcab3e29cd4.jpg,99,118,572,636,Coffee_200-299g_Halal_NonHealthy
IMG_6417_jpeg.rf.0fbd3b4f5e59c48c95ddb5ffe47e0548.jpg,67,46,609,611,Coffee_200-299g_Halal_NonHealthy
IMG_6383_jpeg.rf.4a3016e842900c9c4804cdbfa3f78187.jpg,69,39,586,618,Coffee_200-299g_Halal_NonHealthy
IMG_6392_jpeg.rf.477e07025f053908359af1c6fc5259d7.jpg,128,92,439,640,Coffee_200-299g_Halal_NonHealthy
IMG_6389_jpeg.rf.aa811d0854634b857627692c6ad7b0c5.jpg,3,109,640,542,Coffee_200-299g_Halal_NonHealthy
IMG_6386_jpeg.rf.220de39b17d5f6dde2b4e97103821e86.jpg,4,113,630,400,Coffee_200-299g_Halal_NonHealthy
IMG_6416_jpeg.rf.b2e584eebac03fd0ec7a4c5d5d9396b9.jpg,77,91,560,600,Coffee_200-299g_Halal_NonHealthy
IMG_6390_jpeg.rf.53070adcf4a02e3bce05ad2a24dfc3b3.jpg,20,86,614,596,Coffee_200-299g_Halal_NonHealthy
IMG_6378_jpeg.rf.b2925396db2b0e77d50bc43a0cbfe034.jpg,161,17,450,612,Coffee_200-299g_Halal_NonHealthy
IMG_6381_jpeg.rf.eb266105fed56a507b4a857c9842de38.jpg,60,220,617,461,Coffee_200-299g_Halal_NonHealthy
IMG_6414_jpeg.rf.b182f24da4340a259fa5941aba9c3aa5.jpg,26,279,598,496,Coffee_200-299g_Halal_NonHealthy
IMG_6382_jpeg.rf.cbd8e5bf391757fe7566b9a66f904fdc.jpg,54,225,570,434,Coffee_200-299g_Halal_NonHealthy
IMG_6388_jpeg.rf.6801bfaf1092de1769cda5a9c6f5a460.jpg,62,34,534,626,Coffee_200-299g_Halal_NonHealthy
IMG_6380_jpeg.rf.ffe2be3a79e9b3a8cb0d69588b5c6a59.jpg,153,41,423,597,Coffee_200-299g_Halal_NonHealthy
IMG_6384-1-_jpeg.rf.fdf4742c157fe67d0a72e8ef2d10b9cc.jpg,42,6,595,612,Coffee_200-299g_Halal_NonHealthy
IMG_6379_jpeg.rf.bce46023bdae87bd3c0c93fd59790967.jpg,101,25,559,611,Coffee_200-299g_Halal_NonHealthy
IMG_6415_jpeg.rf.c6d586855203b5afb4a230617974d8ce.jpg,44,211,587,506,Coffee_200-299g_Halal_NonHealthy
IMG_6391_jpeg.rf.fa4058494eb100c397a910b914e8c378.jpg,163,87,417,639,Coffee_200-299g_Halal_NonHealthy