IMG_5433_jpeg.rf.358fe2afe3d54265b4a7d8013063698d.jpg,28,172,620,452,BiscuitsCrackersCookies_300-399g_NonHalal_NonHealthy
IMG_2108_jpeg.rf.43637febe6ca5af326eb8d16af508f3e.jpg,73,22,513,617,BiscuitsCrackersCookies_300-399g_NonHalal_NonHealthy
IMG_5432_jpeg.rf.563300a6680b8183f7d159cbf2c5be79.jpg,20,303,623,507,BiscuitsCrackersCookies_300-399g_NonHalal_NonHealthy
IMG_2117_jpeg.rf.544a65cd0f81946e9213884eaee1a80f.jpg,0,152,605,514,BiscuitsCrackersCookies_300-399g_NonHalal_NonHealthy
IMG_2113_jpeg.rf.9730e3de9afd3223006000562e699e1e.jpg,3,145,640,640,BiscuitsCrackersCookies_300-399g_NonHalal_NonHealthy
IMG_5429_jpeg.rf.982d8aa88cb92112cc511d9e511fb776.jpg,70,190,598,502,BiscuitsCrackersCookies_300-399g_NonHalal_NonHealthy
IMG_5431_jpeg.rf.9cdb95b0fd79e6f05e7c9468dbb10122.jpg,66,198,564,493,BiscuitsCrackersCookies_300-399g_NonHalal_NonHealthy
IMG_5430_jpeg.rf.a2fdbd1b14ac66dff94acdf54c082683.jpg,100,172,554,494,BiscuitsCrackersCookies_300-399g_NonHalal_NonHealthy
IMG_2111_jpeg.rf.e1cfd1bb468f3da419d428ae6f0da964.jpg,95,12,492,640,BiscuitsCrackersCookies_300-399g_NonHalal_NonHealthy
IMG_2115_jpeg.rf.f1cf5a765d1cc23d192e57a961767710.jpg,3,106,640,607,BiscuitsCrackersCookies_300-399g_NonHalal_NonHealthy
IMG_2109_jpeg.rf.ef1cbfef138b580df43bbdd3706f0d62.jpg,64,8,495,640,BiscuitsCrackersCookies_300-399g_NonHalal_NonHealthy
IMG_2116_jpeg.rf.c06fd451f3d02556f0cbf343017a8e99.jpg,63,186,640,516,BiscuitsCrackersCookies_300-399g_NonHalal_NonHealthy
IMG_2114_jpeg.rf.90cd091f75fb9b0a63965b99f52a27e1.jpg,62,275,558,573,BiscuitsCrackersCookies_300-399g_NonHalal_NonHealthy