IMG_9749_JPG.rf.213339bcb0a0af59a6d00a48b60411d3.jpg,68,27,529,607,RolledOatsInstantOatmeal_500-599g_Halal_Healthy
IMG_9747_JPG.rf.2a1b02888f3048436effcd22c0925042.jpg,104,80,519,601,RolledOatsInstantOatmeal_500-599g_Halal_Healthy
IMG_9752_JPG.rf.c038951f3412812767748628f0eabaec.jpg,61,41,491,607,RolledOatsInstantOatmeal_500-599g_Halal_Healthy
IMG_9748_JPG.rf.7c5caa64478259506185cbd275c7cb68.jpg,72,63,531,610,RolledOatsInstantOatmeal_500-599g_Halal_Healthy
IMG_9750_JPG.rf.9409a88b8cbde9797930051f7d9c8917.jpg,93,57,495,591,RolledOatsInstantOatmeal_500-599g_Halal_Healthy
IMG_9751_JPG.rf.f7452faf95861a17491e24b96a9de4ac.jpg,161,113,542,605,RolledOatsInstantOatmeal_500-599g_Halal_Healthy
2023_8_11_11_58_23_422340_png.rf.7cb6b8c59f31ad3357ff211f7960c22d.jpg,180,144,576,640,RolledOatsInstantOatmeal_500-599g_Halal_Healthy
2023_8_11_11_58_8_628521_png.rf.ea89a14449d57974d1f0591f5f6c231f.jpg,142,22,620,640,RolledOatsInstantOatmeal_500-599g_Halal_Healthy
2023_8_11_11_58_12_476102_png.rf.28cf9403d1d9575b7d4a0568249f3382.jpg,239,40,625,639,RolledOatsInstantOatmeal_500-599g_Halal_Healthy
2023_8_11_11_58_19_882038_png.rf.a6eb9b93ac6156a9ae9374dab2900aab.jpg,172,59,589,640,RolledOatsInstantOatmeal_500-599g_Halal_Healthy
2023_8_11_11_58_21_727131_png.rf.679a5b1a0905aff8754bc9866959a216.jpg,168,145,575,640,RolledOatsInstantOatmeal_500-599g_Halal_Healthy