IMG_5639_jpeg.rf.1b6c6212a165abfc5f357c25fe02458f.jpg,115,197,551,428,InstantNoodles_400-499g_Halal_NonHealthy
IMG_5649_jpeg.rf.15325a3e102893d85cc7cdca02311665.jpg,108,220,530,461,InstantNoodles_400-499g_Halal_NonHealthy
IMG_5682-1-_jpeg.rf.205808b9cc711ef890b5b9e34abb3f95.jpg,132,163,491,421,InstantNoodles_400-499g_Halal_NonHealthy
IMG_5633_jpeg.rf.067065aedc393f902edb2e6d19d9b8bd.jpg,86,176,522,455,InstantNoodles_400-499g_Halal_NonHealthy
IMG_5606_jpeg.rf.227c98a706d1ba9bffcd24336a86782a.jpg,81,165,524,477,InstantNoodles_400-499g_Halal_NonHealthy
IMG_5624_jpeg.rf.1cf34db8eb87a7370a8b08cd6547c33d.jpg,73,197,569,428,InstantNoodles_400-499g_Halal_NonHealthy
IMG_5607_jpeg.rf.12ae011245d72551657820490e0c88b5.jpg,38,200,475,477,InstantNoodles_400-499g_Halal_NonHealthy
IMG_5650-1-_jpeg.rf.1c8b33a65e5bdf0c170977be6218d2fc.jpg,41,131,556,485,InstantNoodles_400-499g_Halal_NonHealthy
IMG_5603_jpeg.rf.33a567ec1133d9555a968e6cb59aa2f1.jpg,72,203,510,430,InstantNoodles_400-499g_Halal_NonHealthy
IMG_5612_jpeg.rf.05bf9b066415edaab68bf7fdc28c6b10.jpg,148,217,543,443,InstantNoodles_400-499g_Halal_NonHealthy
IMG_5619_jpeg.rf.17b42878d7f79b8b206b2cc7a384a831.jpg,94,195,555,446,InstantNoodles_400-499g_Halal_NonHealthy
IMG_5605_jpeg.rf.30acc69c933f9c98fb9761442d8bba1a.jpg,37,158,562,474,InstantNoodles_400-499g_Halal_NonHealthy
IMG_5652_jpeg.rf.096d3bda4516262730e79f64cce3ad07.jpg,190,181,623,504,InstantNoodles_400-499g_Halal_NonHealthy
IMG_5672-1-_jpeg.rf.378eb6bd1cf2d5647e1faf81051fb1ea.jpg,164,171,570,436,InstantNoodles_400-499g_Halal_NonHealthy
IMG_5671-1-_jpeg.rf.117f74200b761809b9f0c20b6487009b.jpg,91,149,583,471,InstantNoodles_400-499g_Halal_NonHealthy
IMG_5600_jpeg.rf.2af2b5413cccad33a0d6a035bb5a3b6d.jpg,68,142,575,445,InstantNoodles_400-499g_Halal_NonHealthy
IMG_5676-1-_jpeg.rf.21f31a650d0b46ce2183064b0a0aa600.jpg,71,156,575,454,InstantNoodles_400-499g_Halal_NonHealthy
IMG_5681-1-_jpeg.rf.339de7c32b6a688960f4b321b17c11b2.jpg,97,139,571,427,InstantNoodles_400-499g_Halal_NonHealthy
IMG_5646_jpeg.rf.3d72c75479cac43be52f32f64b738657.jpg,36,144,563,488,InstantNoodles_400-499g_Halal_NonHealthy
IMG_5635_jpeg.rf.0f7835f0b67442eeeb28dfdb8851b5ad.jpg,24,161,536,445,InstantNoodles_400-499g_Halal_NonHealthy
IMG_5627_jpeg.rf.43d72c83364558a9a1256dc8fc81cd98.jpg,85,182,508,472,InstantNoodles_400-499g_Halal_NonHealthy
IMG_5644_jpeg.rf.448308854fb0fbab53f693a6e15ab662.jpg,125,221,531,435,InstantNoodles_400-499g_Halal_NonHealthy
IMG_5680-1-_jpeg.rf.220a62ff3acedf684fac4ecc7c1fabfc.jpg,63,152,563,450,InstantNoodles_400-499g_Halal_NonHealthy
IMG_5640_jpeg.rf.4be4a00d766ac11ea90dc259b91e3571.jpg,49,142,506,443,InstantNoodles_400-499g_Halal_NonHealthy
IMG_5658-1-_jpeg.rf.4bc881f07e09dcfd3feb3b2162541a81.jpg,38,232,533,478,InstantNoodles_400-499g_Halal_NonHealthy
IMG_5625_jpeg.rf.0c85d152fef199ce8c14d52be88942a5.jpg,46,180,531,413,InstantNoodles_400-499g_Halal_NonHealthy
IMG_5666-1-_jpeg.rf.5bc859c700edfe55f0e0a88352264bb4.jpg,79,174,562,435,InstantNoodles_400-499g_Halal_NonHealthy
IMG_5604_jpeg.rf.3545514b82038712e8481709eed6bb3b.jpg,71,155,564,430,InstantNoodles_400-499g_Halal_NonHealthy
IMG_5608_jpeg.rf.700ce4eb2134291eaab2150ff55b8046.jpg,58,244,526,565,InstantNoodles_400-499g_Halal_NonHealthy
IMG_5653_jpeg.rf.6dfdbda831717757f5dbd5fc3d55d36c.jpg,120,220,550,503,InstantNoodles_400-499g_Halal_NonHealthy
IMG_5596_jpeg.rf.49ad63f1e2434d0944521c8b242358fb.jpg,130,195,541,450,InstantNoodles_400-499g_Halal_NonHealthy
IMG_5659-1-_jpeg.rf.5da2eeacb5a4466ff5218fb4f24cdbc9.jpg,84,234,551,451,InstantNoodles_400-499g_Halal_NonHealthy
IMG_5679-1-_jpeg.rf.66ad1161b833e500bb9e8bc96a270cd2.jpg,110,189,551,448,InstantNoodles_400-499g_Halal_NonHealthy
IMG_5638_jpeg.rf.6353d2f2f2a35777a48358c560a66bf2.jpg,78,214,416,483,InstantNoodles_400-499g_Halal_NonHealthy
IMG_5599_jpeg.rf.52a9c5a50b13596eef31f91f67769bae.jpg,71,182,606,493,InstantNoodles_400-499g_Halal_NonHealthy
IMG_5685-1-_jpeg.rf.456e4fdce5f1f1ebb06f9b22a70a75ec.jpg,99,166,548,464,InstantNoodles_400-499g_Halal_NonHealthy
IMG_5647_jpeg.rf.86a8d43975ccb2ee15f48846627f9602.jpg,175,175,537,499,InstantNoodles_400-499g_Halal_NonHealthy
IMG_5660-1-_jpeg.rf.8eec68fb315285f17e54f07d53aa511b.jpg,91,155,516,486,InstantNoodles_400-499g_Halal_NonHealthy
IMG_5673-1-_jpeg.rf.6f43b1f852c5b7c48084bfb86695605b.jpg,94,209,507,468,InstantNoodles_400-499g_Halal_NonHealthy
IMG_5670-1-_jpeg.rf.87abe2217f11c4ac414314220e73becd.jpg,46,151,566,474,InstantNoodles_400-499g_Halal_NonHealthy
IMG_5616_jpeg.rf.48ed81de835b020051b4cf365137c8da.jpg,74,184,589,460,InstantNoodles_400-499g_Halal_NonHealthy
IMG_5651-1-_jpeg.rf.8ab70aa416afb81a6c81e0d2fb4db986.jpg,59,174,574,488,InstantNoodles_400-499g_Halal_NonHealthy
IMG_5677-1-_jpeg.rf.9233ca9ed690990e0628eaa73f45c2a8.jpg,149,176,532,450,InstantNoodles_400-499g_Halal_NonHealthy
IMG_5602_jpeg.rf.82b4c2675fa604b52bff386876877e22.jpg,120,200,481,455,InstantNoodles_400-499g_Halal_NonHealthy
IMG_5617_jpeg.rf.8497fb3a7de8808a52f7520a3a545a31.jpg,106,195,504,438,InstantNoodles_400-499g_Halal_NonHealthy
IMG_5622_jpeg.rf.5c7a03ff0a0cb96c277f152203cd5058.jpg,95,199,527,411,InstantNoodles_400-499g_Halal_NonHealthy
IMG_5668-1-_jpeg.rf.8e244c43f92d2656a3aa7c02adb56b2c.jpg,71,217,488,453,InstantNoodles_400-499g_Halal_NonHealthy
IMG_5621_jpeg.rf.a32ecc4d4ca3403bcd002d8580025cd9.jpg,61,166,613,457,InstantNoodles_400-499g_Halal_NonHealthy
IMG_5597_jpeg.rf.6f498baa4214d268c868db639422c635.jpg,58,137,495,441,InstantNoodles_400-499g_Halal_NonHealthy
IMG_5645_jpeg.rf.838db865fc4e44065abfaa9a74341be2.jpg,30,129,540,429,InstantNoodles_400-499g_Halal_NonHealthy
IMG_5665-1-_jpeg.rf.7208fbc378564a8d0cf414e6dd30ea6d.jpg,110,228,603,509,InstantNoodles_400-499g_Halal_NonHealthy
IMG_5657-1-_jpeg.rf.9585ee177b16581c365d906565e412fa.jpg,65,168,521,444,InstantNoodles_400-499g_Halal_NonHealthy
IMG_5631_jpeg.rf.9748cbcab422df925987b4492b70e0f5.jpg,102,138,557,453,InstantNoodles_400-499g_Halal_NonHealthy
IMG_5684-1-_jpeg.rf.a4fe842f29c8ca8eab144a799acc3ca5.jpg,91,239,511,443,InstantNoodles_400-499g_Halal_NonHealthy
IMG_5664-1-_jpeg.rf.95b0235ec2e685b48a183a97e00e5515.jpg,89,225,521,457,InstantNoodles_400-499g_Halal_NonHealthy
IMG_5669-1-_jpeg.rf.9c3b29ff5202e3c3c41d77e770f370d3.jpg,142,226,583,462,InstantNoodles_400-499g_Halal_NonHealthy
IMG_5636_jpeg.rf.a7c2aa153d4ef7208fec38d67984d412.jpg,76,152,568,457,InstantNoodles_400-499g_Halal_NonHealthy
IMG_5610_jpeg.rf.b021a64bf4b366e504d97cde1f7f4a79.jpg,90,152,608,439,InstantNoodles_400-499g_Halal_NonHealthy
IMG_5598_jpeg.rf.9c5c4f3282b0276f142eb16136e8aede.jpg,84,199,546,429,InstantNoodles_400-499g_Halal_NonHealthy
IMG_5641_jpeg.rf.84c2d2c3b80e60f085f06c8ef87590a3.jpg,53,140,589,456,InstantNoodles_400-499g_Halal_NonHealthy
IMG_5678-1-_jpeg.rf.9e6852022161c80105ccfafaa1361d4d.jpg,91,205,526,447,InstantNoodles_400-499g_Halal_NonHealthy
IMG_5595_jpeg.rf.b4c4569c8381fe2b6c5eb02afff6e438.jpg,40,170,580,444,InstantNoodles_400-499g_Halal_NonHealthy
IMG_5675-1-_jpeg.rf.a129c290f1700c7db977fa2c9e36a409.jpg,53,142,515,415,InstantNoodles_400-499g_Halal_NonHealthy
IMG_5674-1-_jpeg.rf.b36d574fd9f3c1cbff03debcf8572bc0.jpg,137,219,562,470,InstantNoodles_400-499g_Halal_NonHealthy
IMG_5615_jpeg.rf.cd89865c8097c5c4a2a022b40fd9b6b6.jpg,85,128,529,424,InstantNoodles_400-499g_Halal_NonHealthy
IMG_5626_jpeg.rf.c46ae43a841d9ce62453d2d1061faf60.jpg,28,170,580,480,InstantNoodles_400-499g_Halal_NonHealthy
IMG_5634_jpeg.rf.bf7c8bcfa0fb8491a85c453b02723653.jpg,97,187,491,413,InstantNoodles_400-499g_Halal_NonHealthy
IMG_5614_jpeg.rf.ad45aadb0004d40699d4c43690235dda.jpg,125,220,526,439,InstantNoodles_400-499g_Halal_NonHealthy
IMG_5655-1-_jpeg.rf.a85676ff2a6552028103e3aefde363f2.jpg,54,146,621,469,InstantNoodles_400-499g_Halal_NonHealthy
IMG_5637_jpeg.rf.b1f23fcb22564d235fca0721eb54d7e2.jpg,142,164,510,425,InstantNoodles_400-499g_Halal_NonHealthy
IMG_5620_jpeg.rf.f016fd6a07697881970efdc7138aaee9.jpg,106,244,562,492,InstantNoodles_400-499g_Halal_NonHealthy
IMG_5661-1-_jpeg.rf.f18b1967702853cfa3f0c2925cb3a19b.jpg,89,181,612,473,InstantNoodles_400-499g_Halal_NonHealthy
IMG_5630_jpeg.rf.d9c618a01af72dc99a934d6da0459a42.jpg,103,172,613,451,InstantNoodles_400-499g_Halal_NonHealthy
IMG_5629_jpeg.rf.d3947076402fe4e973abaa82e1ae69a1.jpg,97,199,569,444,InstantNoodles_400-499g_Halal_NonHealthy
IMG_5628_jpeg.rf.a583684cc71fb1b8029b725718a14c9e.jpg,74,195,509,477,InstantNoodles_400-499g_Halal_NonHealthy
IMG_5611_jpeg.rf.9963aff751ebb56e4f57c86c4e8cc966.jpg,35,146,603,452,InstantNoodles_400-499g_Halal_NonHealthy
IMG_5663-1-_jpeg.rf.f638d8be05e2b59b0a360deabea16c28.jpg,46,208,453,434,InstantNoodles_400-499g_Halal_NonHealthy
IMG_5662-1-_jpeg.rf.d08a41798064ddc148cbee7f3e68f2e1.jpg,158,171,516,456,InstantNoodles_400-499g_Halal_NonHealthy
IMG_5642_jpeg.rf.be4e58dd8d36ea5f0976442601e49a1f.jpg,149,156,545,454,InstantNoodles_400-499g_Halal_NonHealthy
IMG_5613_jpeg.rf.e587b542194b784fa4ba26d21d841679.jpg,94,167,542,468,InstantNoodles_400-499g_Halal_NonHealthy
IMG_5648_jpeg.rf.d0ef46ee05fc5fe3bc26b036e6a8ecc3.jpg,100,219,529,502,InstantNoodles_400-499g_Halal_NonHealthy
IMG_5654-1-_jpeg.rf.ff85f597896d553a56d3c63800c26ead.jpg,96,194,571,459,InstantNoodles_400-499g_Halal_NonHealthy
IMG_5656-1-_jpeg.rf.d1983e5939e02cd46b9ac2550100a376.jpg,31,179,603,448,InstantNoodles_400-499g_Halal_NonHealthy
IMG_5683-1-_jpeg.rf.ac27b1727255b73acec3e180a1ec6ab0.jpg,47,228,487,474,InstantNoodles_400-499g_Halal_NonHealthy
IMG_5601_jpeg.rf.d4a218448023f62fe9f8bc703a97c171.jpg,160,158,524,412,InstantNoodles_400-499g_Halal_NonHealthy
IMG_5609_jpeg.rf.e1f043d8d2f3aca98da8f337c8a85d46.jpg,28,188,562,455,InstantNoodles_400-499g_Halal_NonHealthy
IMG_5667-1-_jpeg.rf.f6e411a88a68f472792d4b47980a4357.jpg,70,220,486,458,InstantNoodles_400-499g_Halal_NonHealthy
IMG_5623_jpeg.rf.f4739c269283b8e9b801221e716303a0.jpg,82,173,529,478,InstantNoodles_400-499g_Halal_NonHealthy
IMG_5618_jpeg.rf.fcb9a5b4080cb1896993784bcd7c4ca7.jpg,37,211,496,472,InstantNoodles_400-499g_Halal_NonHealthy
IMG_5632_jpeg.rf.e3d63079e768681d316add16275c2cb6.jpg,134,161,508,421,InstantNoodles_400-499g_Halal_NonHealthy
IMG_5643_jpeg.rf.f1726bbda66cae40fc6f7b8b137a06dc.jpg,122,134,553,418,InstantNoodles_400-499g_Halal_NonHealthy