IMG_2357_JPG.rf.03ada709f6f21410889f91e3b0d5826f.jpg,289,42,369,554,InstantMeals100-199gHalalNonH
IMG_0761_jpeg.rf.8262cb50117dceef482c37a3fb70c901.jpg,183,216,470,538,InstantMeals100-199gHalalNonH
IMG_2356_JPG.rf.14ff963b11180c05291147becd0f52fd.jpg,223,57,299,553,InstantMeals100-199gHalalNonH
IMG_2358_JPG.rf.088224adf13821e21fcab25c810c3109.jpg,37,25,557,525,InstantMeals100-199gHalalNonH
IMG_2354_JPG.rf.220bd179f4a21e345438779aa0799074.jpg,52,80,582,572,InstantMeals100-199gHalalNonH
IMG_0770_jpeg.rf.8fedacc4329c2c3011ba5ddc7ac87399.jpg,86,134,494,589,InstantMeals100-199gHalalNonH
IMG_2359_JPG.rf.8e414498956d9b43ea8d5dfe75ebea51.jpg,20,35,530,552,InstantMeals100-199gHalalNonH
IMG_0784_jpeg.rf.97382cb3be4d0ddac2edc397b8739378.jpg,78,94,411,522,InstantMeals100-199gHalalNonH
IMG_2353_JPG.rf.df33e4d2f7611e835642cf228d7d90b1.jpg,72,131,557,567,InstantMeals100-199gHalalNonH
IMG_0763_jpeg.rf.ab3ab51557048dc2b180a7a9a0f9b1db.jpg,166,263,405,559,InstantMeals100-199gHalalNonH
IMG_0795_jpeg.rf.e87d098b1f03497def2895390b578620.jpg,86,181,407,543,InstantMeals100-199gHalalNonH
IMG_0760_jpeg.rf.86340253fb3ba5d60dc4bcd2015db3a0.jpg,81,199,415,572,InstantMeals100-199gHalalNonH
IMG_0753_jpeg.rf.a3a5b335e83d4e5dee516eb0f6030713.jpg,47,239,472,526,InstantMeals100-199gHalalNonH
IMG_2355_JPG.rf.dad86c7c484eca06aa272330b3674508.jpg,200,138,278,538,InstantMeals100-199gHalalNonH
IMG_0765_jpeg.rf.947b67a360f2fb534a0d21c119a2ab36.jpg,78,142,418,578,InstantMeals100-199gHalalNonH
IMG_2360_JPG.rf.fc68351a787869fbfcde1059ff575bbd.jpg,308,96,346,541,InstantMeals100-199gHalalNonH
IMG_2361_JPG.rf.a49e4b89460664a2025b91bbda0345a0.jpg,311,129,364,508,InstantMeals100-199gHalalNonH