IMG_5533_jpeg.rf.1046e2b84721770ba3b329c6f5e59f9d.jpg,123,193,543,504,BiscuitsCrackersCookies_400-499g_Halal_NonHealthy
IMG_5545_jpeg.rf.0d525a363a0e78afe73dc192333f9b44.jpg,216,93,535,561,BiscuitsCrackersCookies_400-499g_Halal_NonHealthy
IMG_5577_jpeg.rf.00fd5522a3c558927544a3563fbcaf10.jpg,64,188,543,523,BiscuitsCrackersCookies_400-499g_Halal_NonHealthy
IMG_5536_jpeg.rf.06914b3cb137f9d4c3c0b4d0fd91d7df.jpg,1,250,599,433,BiscuitsCrackersCookies_400-499g_Halal_NonHealthy
IMG_5514_jpeg.rf.10e40fa911d7018018ae902482ad226d.jpg,164,81,521,603,BiscuitsCrackersCookies_400-499g_Halal_NonHealthy
IMG_5572_jpeg.rf.20a1abed40a56ef955a54d7287dcb310.jpg,219,183,533,487,BiscuitsCrackersCookies_400-499g_Halal_NonHealthy
IMG_5575_jpeg.rf.14c4c9537b93274af8d94440909f01f2.jpg,70,156,569,492,BiscuitsCrackersCookies_400-499g_Halal_NonHealthy
IMG_5558_jpeg.rf.0c61237c62779633195142cf0249a5cf.jpg,73,199,593,517,BiscuitsCrackersCookies_400-499g_Halal_NonHealthy
IMG_5562_jpeg.rf.2dd09d79e4e1f1c641dda9a6152c0afe.jpg,72,182,554,500,BiscuitsCrackersCookies_400-499g_Halal_NonHealthy
IMG_5564_jpeg.rf.1a285864b249e540d42edc511280272a.jpg,114,127,585,562,BiscuitsCrackersCookies_400-499g_Halal_NonHealthy
IMG_5592_jpeg.rf.1a41284f61cc98699ff349883055237a.jpg,121,127,471,542,BiscuitsCrackersCookies_400-499g_Halal_NonHealthy
IMG_5510_jpeg.rf.1bd648a158b75ce2de7b7bc7428663a4.jpg,91,145,511,522,BiscuitsCrackersCookies_400-499g_Halal_NonHealthy
IMG_5583_jpeg.rf.2c3609bb401cc10216f75fce99e7db5d.jpg,142,222,479,545,BiscuitsCrackersCookies_400-499g_Halal_NonHealthy
IMG_5554_jpeg.rf.0ba917e20086eb336fc83e64147c4157.jpg,55,145,600,477,BiscuitsCrackersCookies_400-499g_Halal_NonHealthy
IMG_5571_jpeg.rf.3a194ec16cdfd627eaf5192e66ba0284.jpg,154,183,426,506,BiscuitsCrackersCookies_400-499g_Halal_NonHealthy
IMG_5517_jpeg.rf.1539ae5794def1d35cfe65f699cc530b.jpg,198,175,547,553,BiscuitsCrackersCookies_400-499g_Halal_NonHealthy
IMG_5534_jpeg.rf.2e17754fe3eaf2b1df2ab12950f6212f.jpg,7,243,593,383,BiscuitsCrackersCookies_400-499g_Halal_NonHealthy
IMG_5543_jpeg.rf.38898feb802c0c102dba5e7c890ff9dd.jpg,90,69,456,556,BiscuitsCrackersCookies_400-499g_Halal_NonHealthy
IMG_5584_jpeg.rf.3b33b5a7e3422e1c7a444890c3c34bd0.jpg,142,91,504,576,BiscuitsCrackersCookies_400-499g_Halal_NonHealthy
IMG_5589_jpeg.rf.3a45399adc76542e3b2e5a4bbf54903e.jpg,61,94,551,448,BiscuitsCrackersCookies_400-499g_Halal_NonHealthy
IMG_5549_jpeg.rf.4219f9d7338ddaf8f539f668789cbf35.jpg,73,45,542,566,BiscuitsCrackersCookies_400-499g_Halal_NonHealthy
IMG_5566_jpeg.rf.3bb53ae595e84cc757aed4bc2b031c49.jpg,163,165,448,508,BiscuitsCrackersCookies_400-499g_Halal_NonHealthy
IMG_5547_jpeg.rf.4070031ec84489cefb1ba84f204eb560.jpg,110,103,465,555,BiscuitsCrackersCookies_400-499g_Halal_NonHealthy
IMG_5581_jpeg.rf.1bbafae78be147c09c0ca1f03eb1a802.jpg,145,118,487,561,BiscuitsCrackersCookies_400-499g_Halal_NonHealthy
IMG_5509_jpeg.rf.4b40c61564604599883f3ad9051f2ba9.jpg,66,211,580,538,BiscuitsCrackersCookies_400-499g_Halal_NonHealthy
IMG_5567_jpeg.rf.44bbf03c97a12fa9ff21573c203a4312.jpg,157,170,483,482,BiscuitsCrackersCookies_400-499g_Halal_NonHealthy
IMG_5548_jpeg.rf.402f9272ff3f82a56827022682df56f1.jpg,112,174,506,520,BiscuitsCrackersCookies_400-499g_Halal_NonHealthy
IMG_5511_jpeg.rf.53791c86b0ec78a5b54513383a82050b.jpg,88,200,545,525,BiscuitsCrackersCookies_400-499g_Halal_NonHealthy
IMG_5588_jpeg.rf.463acfb3e794a558b6cf685c523c24b1.jpg,75,114,576,441,BiscuitsCrackersCookies_400-499g_Halal_NonHealthy
IMG_5544_jpeg.rf.6ae9f22eba9537b78369ff254ba5aa11.jpg,122,68,491,594,BiscuitsCrackersCookies_400-499g_Halal_NonHealthy
IMG_5542_jpeg.rf.6c18c301acb5ccc1b287503ab5fd6a05.jpg,166,183,486,481,BiscuitsCrackersCookies_400-499g_Halal_NonHealthy
IMG_5518_jpeg.rf.853db26e79ca842b921983aa00b812cf.jpg,121,99,483,569,BiscuitsCrackersCookies_400-499g_Halal_NonHealthy
IMG_5590_jpeg.rf.687a52fb2dce9160f45e14557bb7e9b9.jpg,132,89,531,575,BiscuitsCrackersCookies_400-499g_Halal_NonHealthy
IMG_5591_jpeg.rf.67fdb007e20e7209f189000bc5d6c807.jpg,188,94,569,548,BiscuitsCrackersCookies_400-499g_Halal_NonHealthy
IMG_5568_jpeg.rf.64b2c5ed4937ecc858cba773ef376ef0.jpg,161,191,439,447,BiscuitsCrackersCookies_400-499g_Halal_NonHealthy
IMG_5519_jpeg.rf.8075c446b9cc99cc1eaee0076b0457d0.jpg,134,37,553,570,BiscuitsCrackersCookies_400-499g_Halal_NonHealthy
IMG_5587_jpeg.rf.4c27beb6983abc2f1d3e66a339547e97.jpg,66,188,537,476,BiscuitsCrackersCookies_400-499g_Halal_NonHealthy
IMG_5553_jpeg.rf.8b0912af4164532a2bfbdcfec7cd5967.jpg,113,88,539,591,BiscuitsCrackersCookies_400-499g_Halal_NonHealthy
IMG_5513_jpeg.rf.8b7a42f411abfe83a34c1a200a683b0e.jpg,61,139,607,513,BiscuitsCrackersCookies_400-499g_Halal_NonHealthy
IMG_5586_jpeg.rf.922603cef6e387070ad46e67038949e2.jpg,97,152,523,448,BiscuitsCrackersCookies_400-499g_Halal_NonHealthy
IMG_5541_jpeg.rf.621586160da04bac390b8772e53ceb91.jpg,74,118,440,527,BiscuitsCrackersCookies_400-499g_Halal_NonHealthy
IMG_5523_jpeg.rf.8775af0e59c035a8f51ea49ac67c679c.jpg,94,95,531,592,BiscuitsCrackersCookies_400-499g_Halal_NonHealthy
IMG_5578_jpeg.rf.6f28bc9732614e558ee7d928fc65c75a.jpg,74,207,560,521,BiscuitsCrackersCookies_400-499g_Halal_NonHealthy
IMG_5563_jpeg.rf.61ee8386793f22e1918f91a5298f3222.jpg,66,259,560,486,BiscuitsCrackersCookies_400-499g_Halal_NonHealthy
IMG_5576_jpeg.rf.62ab26ef9618e74ccccfd5c60f4f783a.jpg,81,166,560,512,BiscuitsCrackersCookies_400-499g_Halal_NonHealthy
IMG_5565_jpeg.rf.ad10d81654316ab0db2aeeff24bf3a23.jpg,117,142,447,490,BiscuitsCrackersCookies_400-499g_Halal_NonHealthy
IMG_5512_jpeg.rf.9acc56c5003f39cee24acec071f06f9d.jpg,67,242,625,509,BiscuitsCrackersCookies_400-499g_Halal_NonHealthy
IMG_5573_jpeg.rf.84d93996c2b1f125782ddc7efd18db8f.jpg,201,210,470,467,BiscuitsCrackersCookies_400-499g_Halal_NonHealthy
IMG_5529_jpeg.rf.871fe47f7575083742d25d9c287a48b5.jpg,88,88,558,544,BiscuitsCrackersCookies_400-499g_Halal_NonHealthy
IMG_5579_jpeg.rf.64cb8bc14b193762d72e7fe0328db990.jpg,55,122,597,489,BiscuitsCrackersCookies_400-499g_Halal_NonHealthy
IMG_5537_jpeg.rf.946af54e06aaac0214a15bcfe3b32854.jpg,96,248,520,386,BiscuitsCrackersCookies_400-499g_Halal_NonHealthy
IMG_5551_jpeg.rf.a1ac4c097978cb5cf37896719dc0060a.jpg,144,114,468,552,BiscuitsCrackersCookies_400-499g_Halal_NonHealthy
IMG_5539_jpeg.rf.9d714fdb5aed644f6ac4835e8f8a5d0b.jpg,130,48,499,574,BiscuitsCrackersCookies_400-499g_Halal_NonHealthy
IMG_5593_jpeg.rf.86bfd413f197696ac298f3486d967ef7.jpg,169,220,536,528,BiscuitsCrackersCookies_400-499g_Halal_NonHealthy
IMG_5522_jpeg.rf.b1af8d4a33e38a2012c3ba62328ea328.jpg,179,166,529,540,BiscuitsCrackersCookies_400-499g_Halal_NonHealthy
IMG_5521_jpeg.rf.b299a1f837160db9b7c05e5dca990d6f.jpg,102,119,436,557,BiscuitsCrackersCookies_400-499g_Halal_NonHealthy
IMG_5540_jpeg.rf.9a571bada8d154346fc04a8e268385ae.jpg,147,109,511,516,BiscuitsCrackersCookies_400-499g_Halal_NonHealthy
IMG_5520_jpeg.rf.bee61d3b42765ada32fe732a7d8649c7.jpg,177,80,560,548,BiscuitsCrackersCookies_400-499g_Halal_NonHealthy
IMG_5550_jpeg.rf.96c7d3a7d2cb84bf8d6cdb9831cce928.jpg,141,84,487,533,BiscuitsCrackersCookies_400-499g_Halal_NonHealthy
IMG_5555_jpeg.rf.b03a405d71a0987e07f6b1438fba3255.jpg,34,123,581,495,BiscuitsCrackersCookies_400-499g_Halal_NonHealthy
IMG_5515_jpeg.rf.bf2068265ea0591f377e6eb6135ffd1a.jpg,199,130,500,553,BiscuitsCrackersCookies_400-499g_Halal_NonHealthy
IMG_5561_jpeg.rf.af27a435a752f919d7a6e99c913d3ceb.jpg,129,139,510,483,BiscuitsCrackersCookies_400-499g_Halal_NonHealthy
IMG_5559_jpeg.rf.a8c37290acbfdcd36132ea2aaa9474f8.jpg,64,87,556,517,BiscuitsCrackersCookies_400-499g_Halal_NonHealthy
IMG_5546_jpeg.rf.c94be456a622e0470f987f6008456b03.jpg,144,123,403,570,BiscuitsCrackersCookies_400-499g_Halal_NonHealthy
IMG_5535_jpeg.rf.b5102b0ee8f98520ee1efad336584945.jpg,121,236,551,378,BiscuitsCrackersCookies_400-499g_Halal_NonHealthy
IMG_5530_jpeg.rf.c207c2c3173d6e1ec0f186c2681aea3d.jpg,198,69,558,494,BiscuitsCrackersCookies_400-499g_Halal_NonHealthy
IMG_5560_jpeg.rf.de159ab4d93fbb5522ea2f7328926de8.jpg,62,157,598,481,BiscuitsCrackersCookies_400-499g_Halal_NonHealthy
IMG_5580_jpeg.rf.c5f07c18e08ebc96723bf16bc136caa5.jpg,136,66,501,579,BiscuitsCrackersCookies_400-499g_Halal_NonHealthy
IMG_5516_jpeg.rf.f930e3f9673985d7fad68b7d96387f5a.jpg,143,149,407,569,BiscuitsCrackersCookies_400-499g_Halal_NonHealthy
IMG_5574_jpeg.rf.bc2190fb46b4b9547d6625d4bc8a18ee.jpg,134,193,446,569,BiscuitsCrackersCookies_400-499g_Halal_NonHealthy
IMG_5531_jpeg.rf.d8350cf630d40e23006d67c1b65a0400.jpg,72,180,451,542,BiscuitsCrackersCookies_400-499g_Halal_NonHealthy
IMG_5570_jpeg.rf.d8479c10eb757a266a41752d2b280c73.jpg,114,121,458,486,BiscuitsCrackersCookies_400-499g_Halal_NonHealthy
IMG_5532_jpeg.rf.faba37c21881c9e5fd82da96bb33e2ec.jpg,103,134,569,518,BiscuitsCrackersCookies_400-499g_Halal_NonHealthy
IMG_5538_jpeg.rf.c6262d6c6470c9cb45a05c7381ffc3ba.jpg,63,248,553,444,BiscuitsCrackersCookies_400-499g_Halal_NonHealthy
IMG_5582_jpeg.rf.ea3a043eaf8fd2719bac6a9c1d0d2346.jpg,135,136,450,543,BiscuitsCrackersCookies_400-499g_Halal_NonHealthy
IMG_5585_jpeg.rf.e3c0da7dbecc33b7013abef4795c8641.jpg,34,167,548,457,BiscuitsCrackersCookies_400-499g_Halal_NonHealthy
IMG_5557_jpeg.rf.f6057d31aa49fe5e916349a6b434b3a4.jpg,23,145,557,523,BiscuitsCrackersCookies_400-499g_Halal_NonHealthy
IMG_5594_jpeg.rf.e7f96983cf7bda7204b2d2276431ad8e.jpg,126,115,545,576,BiscuitsCrackersCookies_400-499g_Halal_NonHealthy
IMG_5552_jpeg.rf.d5b3fe4daf1cc87cfd4c1043fe959862.jpg,94,214,592,492,BiscuitsCrackersCookies_400-499g_Halal_NonHealthy
IMG_5556_jpeg.rf.83e7da03c76506fd9cc771f8ffcd2700.jpg,76,104,511,512,BiscuitsCrackersCookies_400-499g_Halal_NonHealthy
IMG_5569_jpeg.rf.f35399bc01e11df24e055f1d97019521.jpg,129,202,457,541,BiscuitsCrackersCookies_400-499g_Halal_NonHealthy