IMG_5470_jpeg.rf.2b09ce6f3166d7d721285494de56c8a0.jpg,140,180,471,448,BiscuitsCrackersCookies_200-299g_Halal_NonHealthy
IMG_5487_jpeg.rf.149fabfb6b94c5c8167bc338c2076324.jpg,170,206,500,488,BiscuitsCrackersCookies_200-299g_Halal_NonHealthy
IMG_5465_jpeg.rf.8f6e98700f36bd044d711ef145c90cc1.jpg,171,138,440,527,BiscuitsCrackersCookies_200-299g_Halal_NonHealthy
IMG_5464_jpeg.rf.182ab8e53994d570d2565b881f197670.jpg,153,123,517,535,BiscuitsCrackersCookies_200-299g_Halal_NonHealthy
IMG_5454_jpeg.rf.0614524ce11cfaa7c5eace1db987c871.jpg,151,33,527,568,BiscuitsCrackersCookies_200-299g_Halal_NonHealthy
IMG_5485_jpeg.rf.3a095814e6838d1051e19ba309b65157.jpg,188,122,544,530,BiscuitsCrackersCookies_200-299g_Halal_NonHealthy
IMG_5493_jpeg.rf.9332d71b8eb50994f246c0575999c76b.jpg,105,143,503,549,BiscuitsCrackersCookies_200-299g_Halal_NonHealthy
IMG_5482_jpeg.rf.b963ab4bec9efb2a42ae41ed3381880b.jpg,214,210,542,460,BiscuitsCrackersCookies_200-299g_Halal_NonHealthy
IMG_5472_jpeg.rf.682d77aa2d5a6a4ff3cf4ece92c5faa0.jpg,123,286,505,457,BiscuitsCrackersCookies_200-299g_Halal_NonHealthy
IMG_5468_jpeg.rf.97d5a2a28fb35d73cbc0f49f9a34bb5b.jpg,152,117,536,532,BiscuitsCrackersCookies_200-299g_Halal_NonHealthy
IMG_5481_jpeg.rf.4e574e89fc260dd92a81508e170b2b7c.jpg,93,177,396,501,BiscuitsCrackersCookies_200-299g_Halal_NonHealthy
IMG_5458_jpeg.rf.78162e5af4410b86c7ee811f6514bc1e.jpg,158,109,556,569,BiscuitsCrackersCookies_200-299g_Halal_NonHealthy
IMG_5466_jpeg.rf.89b6e7512ce601913d9031dbd2d2f8c1.jpg,251,191,558,517,BiscuitsCrackersCookies_200-299g_Halal_NonHealthy
IMG_5484_jpeg.rf.8d1a3a5ffc9801708870105ef94be773.jpg,125,87,532,551,BiscuitsCrackersCookies_200-299g_Halal_NonHealthy
IMG_5473_jpeg.rf.1c8d66294ca9040ca9fcf3f930551441.jpg,149,183,585,465,BiscuitsCrackersCookies_200-299g_Halal_NonHealthy
IMG_5490_jpeg.rf.854e4700e624946d55871de6a2c53085.jpg,177,111,528,490,BiscuitsCrackersCookies_200-299g_Halal_NonHealthy
IMG_5488_jpeg.rf.6c625d5d1dff79c2d0453e1cfcd28156.jpg,122,104,520,555,BiscuitsCrackersCookies_200-299g_Halal_NonHealthy
IMG_5455_jpeg.rf.5d04a71519a2c70566a07a57267bf5d0.jpg,202,69,535,521,BiscuitsCrackersCookies_200-299g_Halal_NonHealthy
IMG_5467_jpeg.rf.343f57f0027b969481f04028a44c3801.jpg,208,229,570,443,BiscuitsCrackersCookies_200-299g_Halal_NonHealthy
IMG_5489-1-_jpeg.rf.60b31b96742d0dcaecf71a8c50cdc702.jpg,79,78,578,512,BiscuitsCrackersCookies_200-299g_Halal_NonHealthy
IMG_5480_jpeg.rf.a4f68ba674602dcce1f35b2da3ccaf2a.jpg,212,126,529,506,BiscuitsCrackersCookies_200-299g_Halal_NonHealthy
IMG_5483_jpeg.rf.30fdc00f88844a98a9fe0f581eb57e80.jpg,140,114,487,587,BiscuitsCrackersCookies_200-299g_Halal_NonHealthy
IMG_5492-1-_jpeg.rf.1c6e23ed133cd2ca2941edbba9c5ccb8.jpg,102,245,586,471,BiscuitsCrackersCookies_200-299g_Halal_NonHealthy
IMG_5456_jpeg.rf.b74764ca14b0f0400ae224905c4e2b31.jpg,71,117,460,516,BiscuitsCrackersCookies_200-299g_Halal_NonHealthy
IMG_5457_jpeg.rf.db05bbf9f6080ebef52030031dd27048.jpg,184,202,543,495,BiscuitsCrackersCookies_200-299g_Halal_NonHealthy
IMG_5469_jpeg.rf.6ec80cfa95fc99c992a5fd9a963f1390.jpg,131,161,560,436,BiscuitsCrackersCookies_200-299g_Halal_NonHealthy
IMG_5471_jpeg.rf.be34fec2c9bc0a9672be37e5a7d0a80b.jpg,124,202,482,446,BiscuitsCrackersCookies_200-299g_Halal_NonHealthy
IMG_5491-1-_jpeg.rf.e13153ede0195737a382b23eb8035c4d.jpg,66,151,424,501,BiscuitsCrackersCookies_200-299g_Halal_NonHealthy
IMG_5486_jpeg.rf.dbea7fa633913b80a28b0dcc5a6eff86.jpg,53,211,400,537,BiscuitsCrackersCookies_200-299g_Halal_NonHealthy
IMG_5479_jpeg.rf.e4a2995d79e8d2f1a64adb3fdd902434.jpg,137,110,510,539,BiscuitsCrackersCookies_200-299g_Halal_NonHealthy
2023_8_11_11_27_47_671448_png.rf.0c11a56ea4e444f7ee211c5dbef162d6.jpg,93,60,407,591,BiscuitsCrackersCookies_200-299g_Halal_NonHealthy
2023_8_11_11_27_41_642193_png.rf.517f56a0bb8d1e1198e73a4e3fcec4ce.jpg,55,73,368,605,BiscuitsCrackersCookies_200-299g_Halal_NonHealthy
2023_8_11_11_27_49_896994_png.rf.5ac22d02985a3a0016cd69a44ed5aaf7.jpg,80,75,391,598,BiscuitsCrackersCookies_200-299g_Halal_NonHealthy
2023_8_11_11_27_56_561778_png.rf.e72baea5384aba9c85636f553b25d8dc.jpg,67,76,395,622,BiscuitsCrackersCookies_200-299g_Halal_NonHealthy
2023_8_11_11_27_53_840401_png.rf.07a6cb13afca1012d0ea2f4a574a30a4.jpg,89,63,398,592,BiscuitsCrackersCookies_200-299g_Halal_NonHealthy