IMG_9891_JPG.rf.0436a2f2f2e4f19fee5c3dde90e361c7.jpg,111,4,419,640,OtherNoodles_300-399g_NonHalal_NonHealthy
IMG_9888_JPG.rf.1b704dfe758fd504c1f59c1d89cfcea4.jpg,108,8,367,640,OtherNoodles_300-399g_NonHalal_NonHealthy
IMG_9882_JPG.rf.8b8ed32ad11e4875ba2d060221bd1f23.jpg,107,13,559,640,OtherNoodles_300-399g_NonHalal_NonHealthy
IMG_9889_JPG.rf.27e2e7a373ef50c444f7ca30fdde3b9c.jpg,155,29,410,640,OtherNoodles_300-399g_NonHalal_NonHealthy
IMG_9902_JPG.rf.6b571d7c71320614ff71bcd13fd983a7.jpg,83,13,312,590,OtherNoodles_300-399g_NonHalal_NonHealthy
IMG_9872_JPG.rf.187a40d73ef5ab3cef475324ab8beff8.jpg,5,1,553,636,OtherNoodles_300-399g_NonHalal_NonHealthy
IMG_9895_JPG.rf.248ddf512cb05ffabf97ead71670fa86.jpg,84,4,450,640,OtherNoodles_300-399g_NonHalal_NonHealthy
IMG_9893_JPG.rf.7d7391812beaa6d28127d6f4f52ac9b2.jpg,97,21,462,640,OtherNoodles_300-399g_NonHalal_NonHealthy
IMG_9873_JPG.rf.7e928e975def8401fdc62b7e6bdb0d88.jpg,135,19,406,599,OtherNoodles_300-399g_NonHalal_NonHealthy
IMG_9894_JPG.rf.0d1c483fa5be0b5220e50962b3b8153b.jpg,54,1,474,640,OtherNoodles_300-399g_NonHalal_NonHealthy
IMG_9871_JPG.rf.0526f0f828226fd212c1d0ee7136f494.jpg,5,2,542,640,OtherNoodles_300-399g_NonHalal_NonHealthy
IMG_9884_JPG.rf.0f208156c974eb35801d588ed78402d0.jpg,99,53,468,638,OtherNoodles_300-399g_NonHalal_NonHealthy
IMG_9897_JPG.rf.8a6198bfb9c79c7fdc88def7c791d57e.jpg,107,3,445,640,OtherNoodles_300-399g_NonHalal_NonHealthy
IMG_9869_JPG.rf.350f3a5c80fa4cebca3707630a76b511.jpg,10,9,590,640,OtherNoodles_300-399g_NonHalal_NonHealthy
IMG_9892_JPG.rf.1718d2c93d909462f0f7f56d0a18d1b1.jpg,141,20,435,640,OtherNoodles_300-399g_NonHalal_NonHealthy
IMG_9879_JPG.rf.24923805ba470cb34a2ec601fe6cdeba.jpg,59,29,469,640,OtherNoodles_300-399g_NonHalal_NonHealthy
IMG_9880_JPG.rf.8c92ef796e09119b4de94f42fe45415e.jpg,62,28,515,640,OtherNoodles_300-399g_NonHalal_NonHealthy
IMG_9870_JPG.rf.63f485beb5f8081882c44f6a7a82c654.jpg,18,48,535,633,OtherNoodles_300-399g_NonHalal_NonHealthy
IMG_9887_JPG.rf.8a3edd7feb1b768e35201324ab345eec.jpg,85,70,442,640,OtherNoodles_300-399g_NonHalal_NonHealthy
IMG_9900_JPG.rf.8a3a21c92fc2861a722aa9039f0e051e.jpg,66,5,343,623,OtherNoodles_300-399g_NonHalal_NonHealthy
IMG_9901_JPG.rf.42b21826b83b55cf554be88d03f06e18.jpg,109,14,387,628,OtherNoodles_300-399g_NonHalal_NonHealthy
IMG_9875_JPG.rf.17ed6e1d08a4928d8c80a1a511d11479.jpg,106,35,514,640,OtherNoodles_300-399g_NonHalal_NonHealthy
IMG_9877_JPG.rf.7fa188cbcbce5477183284b3f92dd70b.jpg,122,21,446,618,OtherNoodles_300-399g_NonHalal_NonHealthy
IMG_9874_JPG.rf.83a5031a626d09461569605cfa84b733.jpg,120,57,493,632,OtherNoodles_300-399g_NonHalal_NonHealthy
IMG_9898_JPG.rf.374d1f66066f88c251ccd7d9b2521863.jpg,7,175,618,470,OtherNoodles_300-399g_NonHalal_NonHealthy
IMG_9881_JPG.rf.ecc0dc3039dc8f7c9b890ba0dd8c6a1e.jpg,67,12,512,640,OtherNoodles_300-399g_NonHalal_NonHealthy
IMG_9878_JPG.rf.eda65a74205ef0d7ed1be08fbd58f83b.jpg,82,43,448,640,OtherNoodles_300-399g_NonHalal_NonHealthy
IMG_9896_JPG.rf.b0ef3602eacbd9915d0d3c5d26542641.jpg,64,8,424,640,OtherNoodles_300-399g_NonHalal_NonHealthy
IMG_9868_JPG.rf.b95c1587a45ff652e0808f53475ecdab.jpg,0,12,547,636,OtherNoodles_300-399g_NonHalal_NonHealthy
IMG_9876_JPG.rf.f2fd5e44ef6fb8e7e50692e2a2d1b99c.jpg,83,1,457,640,OtherNoodles_300-399g_NonHalal_NonHealthy
IMG_9885_JPG.rf.b5df7daf83308e0db454de569d155ee2.jpg,79,2,501,640,OtherNoodles_300-399g_NonHalal_NonHealthy
IMG_9890_JPG.rf.e32aceba54d7a21252fea9a13831566a.jpg,120,8,406,640,OtherNoodles_300-399g_NonHalal_NonHealthy
IMG_9883_JPG.rf.d36ee0b78bd89b87a345b90287e2d84a.jpg,81,52,450,640,OtherNoodles_300-399g_NonHalal_NonHealthy
IMG_9886_JPG.rf.df7c959094222095391c2ae1ccbdbcf0.jpg,102,5,508,640,OtherNoodles_300-399g_NonHalal_NonHealthy
IMG_9899_JPG.rf.ed70dc3bb5e3a2930102ce459c569f5a.jpg,0,154,626,459,OtherNoodles_300-399g_NonHalal_NonHealthy