IMG_9804_JPG.rf.0c8e503857d65088018fcc827accd047.jpg,55,84,535,602,OtherNoodles_400-499g_Halal_NonHealthy
IMG_9810_JPG.rf.0e5350fb8ab36e15fb2eb7c583f4ff96.jpg,148,54,414,585,OtherNoodles_400-499g_Halal_NonHealthy
IMG_9796-1-_JPG.rf.15aeb68c550de9e2c811cce52edcfba1.jpg,103,64,474,599,OtherNoodles_400-499g_Halal_NonHealthy
IMG_9803_JPG.rf.18f56ad2640ca0b6f952ac3f9ef9f891.jpg,53,68,551,587,OtherNoodles_400-499g_Halal_NonHealthy
IMG_9801_JPG.rf.46752dc1ffec5f2a7d12eab5d964686d.jpg,19,108,491,624,OtherNoodles_400-499g_Halal_NonHealthy
IMG_9805_JPG.rf.7c9fbcf065c788ef98b99d1d6432a020.jpg,55,90,527,618,OtherNoodles_400-499g_Halal_NonHealthy
IMG_9807_JPG.rf.ae382e695c3d47af735fb06c45e62c22.jpg,111,0,445,640,OtherNoodles_400-499g_Halal_NonHealthy
IMG_9798-1-_JPG.rf.253863733ceab5731a4e49d164f708c2.jpg,51,37,580,564,OtherNoodles_400-499g_Halal_NonHealthy
IMG_9806_JPG.rf.b0b1e3e8ad86b1afd944ac8a68fc8b49.jpg,122,40,417,626,OtherNoodles_400-499g_Halal_NonHealthy
IMG_9797-1-_JPG.rf.d807deb5f78884f413066683a84d4586.jpg,24,45,543,563,OtherNoodles_400-499g_Halal_NonHealthy
IMG_9802_JPG.rf.533fb134bc148f1303ba237405a853dd.jpg,22,101,489,600,OtherNoodles_400-499g_Halal_NonHealthy
IMG_9809_JPG.rf.dbe3aae13080f5ae2be23d9acab32547.jpg,170,21,460,602,OtherNoodles_400-499g_Halal_NonHealthy
IMG_9800-1-_JPG.rf.3a9f57d02915f0353687dad015f0f732.jpg,108,13,520,632,OtherNoodles_400-499g_Halal_NonHealthy
IMG_9808_JPG.rf.ab788b6718307f388c90e2c74d55a600.jpg,168,47,466,638,OtherNoodles_400-499g_Halal_NonHealthy
IMG_9799-1-_JPG.rf.706a6aeb840e54d7ceae795bc5fdac1c.jpg,115,12,496,632,OtherNoodles_400-499g_Halal_NonHealthy