IMG_2328_JPG.rf.10328f50d54c11827e99a0afd34ccf70.jpg,68,2,580,632,BeehoonVermicelliMeesua_400-499g_NonHalal_NonHealthy
IMG_2299_JPG.rf.0a2097c42c0516765f7d6ce5aa297c30.jpg,290,26,339,626,BeehoonVermicelliMeesua_400-499g_NonHalal_NonHealthy
IMG_2330_JPG.rf.2562c0290fe3830898217333df4bbb36.jpg,256,60,364,630,BeehoonVermicelliMeesua_400-499g_NonHalal_NonHealthy
IMG_2300_JPG.rf.2545dcf2cd4c82653393f19c492d9577.jpg,318,164,411,529,BeehoonVermicelliMeesua_400-499g_NonHalal_NonHealthy
IMG_3282_jpeg.rf.2cab2e3c3684b71dccc8e35e9cee6e90.jpg,74,108,552,533,BeehoonVermicelliMeesua_400-499g_NonHalal_NonHealthy
IMG_2301_JPG.rf.6931ffb52539d596994caa32dc284fb6.jpg,254,156,362,586,BeehoonVermicelliMeesua_400-499g_NonHalal_NonHealthy
IMG_2298_JPG.rf.87a95e98370ed4bfcb43f867feef6112.jpg,91,9,519,635,BeehoonVermicelliMeesua_400-499g_NonHalal_NonHealthy
IMG_3280_jpeg.rf.57ac5b6f962b9d158aaae18cb270db57.jpg,68,121,464,626,BeehoonVermicelliMeesua_400-499g_NonHalal_NonHealthy
IMG_2331_JPG.rf.7cb1549bdedc755537b1b5cd03dd3f4c.jpg,288,59,408,606,BeehoonVermicelliMeesua_400-499g_NonHalal_NonHealthy
IMG_2329_JPG.rf.83d15b6cbb23140366258d5f460fb56f.jpg,45,2,548,629,BeehoonVermicelliMeesua_400-499g_NonHalal_NonHealthy
IMG_3281_jpeg.rf.99be4df3d646a4197726bb5183648272.jpg,123,122,563,605,BeehoonVermicelliMeesua_400-499g_NonHalal_NonHealthy
IMG_2297_JPG.rf.cb026ab3c2ba90b91d401e0400c0461e.jpg,129,30,536,632,BeehoonVermicelliMeesua_400-499g_NonHalal_NonHealthy
IMG_3279_jpeg.rf.0c875057637d0099744592cc9bac948e.jpg,125,167,485,568,BeehoonVermicelliMeesua_400-499g_NonHalal_NonHealthy
IMG_2332_JPG.rf.6a068c04bfe02ea8c081a0636a8d31de.jpg,235,75,343,557,BeehoonVermicelliMeesua_400-499g_NonHalal_NonHealthy
IMG_3283_jpeg.rf.e3a4bce3f0e08daca412b1a62fc284a0.jpg,0,241,622,543,BeehoonVermicelliMeesua_400-499g_NonHalal_NonHealthy