IMG_6440_jpeg.rf.4d9ff7decb79b2e2c8f773affd8a3945.jpg,5,0,606,638,Coffee-powder-_100-199g_Halal_NonHealthy
IMG_6451_jpeg.rf.98552570f835aca76acb516fe10bc2a3.jpg,31,294,602,577,Coffee-powder-_100-199g_Halal_NonHealthy
IMG_6441_jpeg.rf.7319f9b92f8ce5119d2929b1517c87ea.jpg,0,91,638,640,Coffee-powder-_100-199g_Halal_NonHealthy
IMG_6429_jpeg.rf.51722c35b02c7d8ad4150f9f95b98346.jpg,91,49,564,608,Coffee-powder-_100-199g_Halal_NonHealthy
IMG_6439_jpeg.rf.aa01ee3a48a34d3fa6ad81f58b9ce056.jpg,29,23,587,637,Coffee-powder-_100-199g_Halal_NonHealthy
IMG_6452_jpeg.rf.9538913843b89f052580908e6387352f.jpg,6,173,632,560,Coffee-powder-_100-199g_Halal_NonHealthy
IMG_6449_jpeg.rf.9a5ee6c993e12656002d68124df3d8bf.jpg,59,147,525,640,Coffee-powder-_100-199g_Halal_NonHealthy
IMG_6448_jpeg.rf.e47c51cd5346a2de0626e7950ec7bac0.jpg,0,128,620,562,Coffee-powder-_100-199g_Halal_NonHealthy
IMG_6432_jpeg.rf.4f74e69b15881d0ba3cbaf68194c5044.jpg,17,3,637,549,Coffee-powder-_100-199g_Halal_NonHealthy
IMG_6434_jpeg.rf.9b8b354a3d9a1315821372bb001d8916.jpg,74,18,542,612,Coffee-powder-_100-199g_Halal_NonHealthy
IMG_6438_jpeg.rf.db7b9efffadab989aa76fe98272155bc.jpg,52,66,553,627,Coffee-powder-_100-199g_Halal_NonHealthy