Crackers_100-199g_0311_Halal_7_png.rf.232448b00cbf58170056847376f1d8b5.jpg,80,59,408,545,Crackers_100-199g_Halal_NonHealthy
Crackers_100-199g_0311_Halal_6_png.rf.1a2e8170a5f438d205a800fad013ac65.jpg,98,137,510,577,Crackers_100-199g_Halal_NonHealthy
Crackers_100-199g_0311_Halal_3_png.rf.28974f239876fa6a4f9c9f2c86a12fb2.jpg,125,111,439,561,Crackers_100-199g_Halal_NonHealthy
Crackers_100-199g_0311_Halal_5_png.rf.4e9b14fb3894e9713423ea4f1c01c079.jpg,189,309,463,580,Crackers_100-199g_Halal_NonHealthy
Crackers_100-199g_0311_Halal_13_png.rf.1db4e652b6fc41e8c4ccd08d514a1333.jpg,84,65,446,479,Crackers_100-199g_Halal_NonHealthy
Crackers_100-199g_0311_Halal_2_png.rf.4b00d7f518b45753688c26e4638b1b92.jpg,173,25,542,524,Crackers_100-199g_Halal_NonHealthy
Crackers_100-199g_0311_Halal_4_png.rf.ad4bc0bc44e257fd4c23b9fa1ebdc7cc.jpg,120,142,490,497,Crackers_100-199g_Halal_NonHealthy
Crackers_100-199g_0311_Halal_8_png.rf.b0847e2b2bad5b7e24adeabbce0989d5.jpg,102,72,439,482,Crackers_100-199g_Halal_NonHealthy
Crackers_100-199g_0311_Halal_12_png.rf.b4bcc75eeb0ee5949218c86b438943fc.jpg,82,83,473,548,Crackers_100-199g_Halal_NonHealthy
Crackers_100-199g_0311_Halal_1_png.rf.cc677956410c7e5c00bb5613fffd7a8f.jpg,113,111,497,503,Crackers_100-199g_Halal_NonHealthy
Crackers_100-199g_0311_Halal_11_png.rf.444cd4683f23c6db379fec4b93e8ea41.jpg,99,121,538,570,Crackers_100-199g_Halal_NonHealthy
Crackers_100-199g_0311_Halal_9_png.rf.e72528eb1f628bf4ca42ad66001f9cee.jpg,107,195,472,586,Crackers_100-199g_Halal_NonHealthy
Crackers_100-199g_0311_Halal_15_png.rf.dedbc1127483ccb8632ca53acec8b208.jpg,124,281,509,519,Crackers_100-199g_Halal_NonHealthy
Crackers_100-199g_0311_Halal_10_png.rf.cc0c07791506c1c61e8fce6273ce2228.jpg,73,146,540,404,Crackers_100-199g_Halal_NonHealthy
Crackers_100-199g_0311_Halal_14_png.rf.6f68330c9887e31533c92f384dd72032.jpg,70,45,526,448,Crackers_100-199g_Halal_NonHealthy