IMG_3389_jpeg.rf.1c19279f127d065b110f667f71e70251.jpg,4,1,493,640,Nuts100-199gHalalNonHealthy
IMG_3430_jpeg.rf.19419910e843de70e9f6bdd7034878f9.jpg,14,95,638,640,Nuts100-199gHalalNonHealthy
IMG_3371_jpeg.rf.1822a3f9b6b3620a177e86cade60ce20.jpg,87,64,601,592,Nuts100-199gHalalNonHealthy
IMG_3427_jpeg.rf.2191177f9a38e01a2790c69b555f092e.jpg,0,47,621,640,Nuts100-199gHalalNonHealthy
IMG_3414_jpeg.rf.0290d623bc297903dfe50388036d5cc9.jpg,19,16,569,640,Nuts100-199gHalalNonHealthy
IMG_3403_jpeg.rf.2325af2b4dc06ba27ffa6836049ed72b.jpg,0,0,538,640,Nuts100-199gHalalNonHealthy
IMG_3416_jpeg.rf.25b0a13a23e128617e2ad64e62398838.jpg,44,139,593,604,Nuts100-199gHalalNonHealthy
IMG_3434_jpeg.rf.030c8661e592f41c41e64c748f4e9d98.jpg,1,65,608,575,Nuts100-199gHalalNonHealthy
IMG_3401_jpeg.rf.070c1585c55edbb03a708f46a9cee4d1.jpg,13,6,580,640,Nuts100-199gHalalNonHealthy
IMG_3402_jpeg.rf.19c5cda80e824a14ad7598a4ec2ae071.jpg,40,0,540,620,Nuts100-199gHalalNonHealthy
IMG_3360_jpeg.rf.074f3ec7614d83ca02543f43a5278844.jpg,153,92,500,501,Nuts100-199gHalalNonHealthy
IMG_3398_jpeg.rf.2f505bff1ee4c3451c4c9691587e7703.jpg,4,5,582,640,Nuts100-199gHalalNonHealthy
IMG_3429_jpeg.rf.42dca922d26fb426dcd49a5f9c7e9a1a.jpg,1,82,640,622,Nuts100-199gHalalNonHealthy
IMG_3418_jpeg.rf.5139892d382f150fb22f4146f8e38f3d.jpg,76,75,634,496,Nuts100-199gHalalNonHealthy
IMG_3433_jpeg.rf.52c683438e4bd2a19b7fbb0ee0ab2aab.jpg,30,87,618,628,Nuts100-199gHalalNonHealthy
IMG_3432_jpeg.rf.758ed6d648cc7209e7af84a19cfff855.jpg,0,56,640,563,Nuts100-199gHalalNonHealthy
IMG_3374_jpeg.rf.3d29b3392ac209204bb294c40ea7af58.jpg,11,84,493,633,Nuts100-199gHalalNonHealthy
IMG_3359_jpeg.rf.77af050e253fe6a423b24a967abd7e6f.jpg,36,96,639,543,Nuts100-199gHalalNonHealthy
IMG_3351_jpeg.rf.30eae972321c3a6d94b756a4d0e6eb57.jpg,62,68,570,576,Nuts100-199gHalalNonHealthy
IMG_3356_jpeg.rf.312e38d14d49b2812a58961d2cee2bf6.jpg,97,116,434,525,Nuts100-199gHalalNonHealthy
IMG_3426_jpeg.rf.4d3f1c113326946d694c6bb95f85d144.jpg,9,31,640,609,Nuts100-199gHalalNonHealthy
IMG_3410_jpeg.rf.349ba3ce0e3121fc627c13474e6d884c.jpg,4,8,599,614,Nuts100-199gHalalNonHealthy
IMG_3354_jpeg.rf.44063d67de857c2180c280b73e3ad986.jpg,38,38,552,628,Nuts100-199gHalalNonHealthy
IMG_3396_jpeg.rf.3f5af195e6239773f9120a24341d7ca1.jpg,17,19,576,640,Nuts100-199gHalalNonHealthy
IMG_3397_jpeg.rf.7f0a7cb17e2896819bc0744485b19677.jpg,78,37,521,620,Nuts100-199gHalalNonHealthy
IMG_3417_jpeg.rf.47cbea090e8f603f0047c4b603fbc813.jpg,1,107,632,634,Nuts100-199gHalalNonHealthy
IMG_3355_jpeg.rf.981e1edd384912ddc34c3b3a9d9b72db.jpg,10,31,527,640,Nuts100-199gHalalNonHealthy
IMG_3415_jpeg.rf.9f33bcfefab88de3853b0d1086d32267.jpg,15,32,639,617,Nuts100-199gHalalNonHealthy
IMG_3408_jpeg.rf.bb319b9e9f4d6081ecc84ef0bc3791cf.jpg,6,0,523,640,Nuts100-199gHalalNonHealthy
IMG_3412_jpeg.rf.baa74bbf8b781a51d719f6c4f80f135f.jpg,0,16,597,637,Nuts100-199gHalalNonHealthy
IMG_3431_jpeg.rf.e9b1ae749b3129b5ee4dc509b50465d0.jpg,0,80,640,640,Nuts100-199gHalalNonHealthy
IMG_3353_jpeg.rf.f7238977682465ea102c73c1cceea83f.jpg,43,129,572,535,Nuts100-199gHalalNonHealthy
IMG_3387_jpeg.rf.b129f1d0b3f2b5a28388f105782c1985.jpg,0,8,565,640,Nuts100-199gHalalNonHealthy
IMG_3400_jpeg.rf.ede4bdb473f6885e7b2cd6cdd34d32da.jpg,4,7,599,600,Nuts100-199gHalalNonHealthy
IMG_3407_jpeg.rf.b6e83d780169df51da25fbda0aa99150.jpg,36,7,527,605,Nuts100-199gHalalNonHealthy
IMG_3399_jpeg.rf.cebfd852bdc012d7fec18bd7f9e7a818.jpg,31,86,640,598,Nuts100-199gHalalNonHealthy
IMG_3420_jpeg.rf.dc511ad6b9c81c34b1885fa628684866.jpg,11,56,637,623,Nuts100-199gHalalNonHealthy
IMG_3405_jpeg.rf.e5294ca233e06cc26b4d55d60ec0765c.jpg,2,3,578,609,Nuts100-199gHalalNonHealthy
IMG_3358_jpeg.rf.d9c1fcbbc93b05ac20d0441e9aeef654.jpg,87,90,459,568,Nuts100-199gHalalNonHealthy
IMG_3357_jpeg.rf.c08accb119be7f8bfdc5dcdf796391ce.jpg,46,48,508,565,Nuts100-199gHalalNonHealthy
IMG_3428_jpeg.rf.ce38d0d5fddbcc7ee74dd98abe14e869.jpg,28,87,640,554,Nuts100-199gHalalNonHealthy
IMG_3406_jpeg.rf.b2f15d073e0b90c37229624cd007b4f6.jpg,13,0,624,630,Nuts100-199gHalalNonHealthy
IMG_3413_jpeg.rf.bd5c0c83e4f63198bd532184739725af.jpg,34,55,595,617,Nuts100-199gHalalNonHealthy
IMG_3372_jpeg.rf.f9fe0be800155be53c95b2166d125215.jpg,17,73,506,615,Nuts100-199gHalalNonHealthy
IMG_3419_jpeg.rf.ecd23d668a92744bae279308f7edfc77.jpg,0,51,640,587,Nuts100-199gHalalNonHealthy
IMG_3411_jpeg.rf.8b4aa9731289f1ee81e6f1f3659b9c86.jpg,0,10,586,601,Nuts100-199gHalalNonHealthy
IMG_3390_jpeg.rf.b7ecc9fdf9d3bae1015047c6c29d0e1f.jpg,21,57,640,627,Nuts100-199gHalalNonHealthy
IMG_3409_jpeg.rf.bcba1740e5103a7f9a2bf59753c1237b.jpg,26,52,640,633,Nuts100-199gHalalNonHealthy
IMG_3404_jpeg.rf.850c15c77f1d5b58b4eff32a5ca19fca.jpg,42,48,640,606,Nuts100-199gHalalNonHealthy
IMG_3388_jpeg.rf.faa72b2e23c2d8fe561eac2f5147937e.jpg,47,13,548,630,Nuts100-199gHalalNonHealthy
IMG_3375_jpeg.rf.e0a6cdae375d4627b70d5e40854803b0.jpg,24,110,589,593,Nuts100-199gHalalNonHealthy
IMG_3435_jpeg.rf.f79de7a6b2d28ff30bff6e0d2c839392.jpg,6,97,640,640,Nuts100-199gHalalNonHealthy
IMG_3386_jpeg.rf.98fcbf35fe85a91acb6fbd93b53eb17a.jpg,19,2,552,619,Nuts100-199gHalalNonHealthy