Cookies_200-299g_0311_NonHalal_19_png.rf.259b8c7f2d4388b6faa7b23b22c92031.jpg,40,189,546,390,Cookies_200-299g_NonHalal_NonHealthy
Cookies_200-299g_0311_NonHalal_11_png.rf.1c30410c62e3b206df50ad213d0f451f.jpg,139,80,475,553,Cookies_200-299g_NonHalal_NonHealthy
Cookies_200-299g_0311_NonHalal_15_png.rf.7585574d00cacaba8889dd59629fb021.jpg,133,107,526,582,Cookies_200-299g_NonHalal_NonHealthy
Cookies_200-299g_0311_NonHalal_18_png.rf.956d073ab2d9f1fc8fbd5b7ecf50e57d.jpg,50,260,533,501,Cookies_200-299g_NonHalal_NonHealthy
Cookies_200-299g_0311_NonHalal_16_png.rf.7c2528b21ac6508ca38fb2b1cdf55a3e.jpg,51,233,566,445,Cookies_200-299g_NonHalal_NonHealthy
Cookies_200-299g_0311_NonHalal_25_png.rf.aaac2a7436c6c8e4dda6a67a6d83d0bc.jpg,20,343,619,604,Cookies_200-299g_NonHalal_NonHealthy
Cookies_200-299g_0311_NonHalal_20_png.rf.9ceeeb521673239500f5c9d62242fd0d.jpg,109,442,538,606,Cookies_200-299g_NonHalal_NonHealthy
Cookies_200-299g_0311_NonHalal_8_png.rf.4f3f10d852fbfc80d333fac85d5a260b.jpg,137,109,463,434,Cookies_200-299g_NonHalal_NonHealthy
Cookies_200-299g_0311_NonHalal_21_png.rf.b2b3a8a30775c953c3db20a076af960f.jpg,43,186,612,504,Cookies_200-299g_NonHalal_NonHealthy
Cookies_200-299g_0311_NonHalal_23_png.rf.bc70c0e96036b2ae97c107a00e8804a3.jpg,33,154,542,475,Cookies_200-299g_NonHalal_NonHealthy
Cookies_200-299g_0311_NonHalal_17_png.rf.c45476c6eb3dc7dcdf1e8574b022242d.jpg,123,219,593,412,Cookies_200-299g_NonHalal_NonHealthy
Cookies_200-299g_0311_NonHalal_22_png.rf.4bd83a728bc5d550739ec219fad70395.jpg,62,142,604,433,Cookies_200-299g_NonHalal_NonHealthy
Cookies_200-299g_0311_NonHalal_5_png.rf.3a63b2a3c9efdcd7d59c558c5d183762.jpg,18,174,630,480,Cookies_200-299g_NonHalal_NonHealthy
Cookies_200-299g_0311_NonHalal_4_png.rf.f8adf2b8958b6d318f5a1fd5049e7309.jpg,37,136,620,413,Cookies_200-299g_NonHalal_NonHealthy
Cookies_200-299g_0311_NonHalal_2_png.rf.bb52b43be2ff2ed62446b653dd2edc67.jpg,141,98,591,425,Cookies_200-299g_NonHalal_NonHealthy
Cookies_200-299g_0311_NonHalal_14_png.rf.f8c583fc105d572cb3eca610df12345e.jpg,123,58,510,417,Cookies_200-299g_NonHalal_NonHealthy
Cookies_200-299g_0311_NonHalal_7_png.rf.fe16bb1e4108ef359afc5a443ed3cc77.jpg,269,88,580,470,Cookies_200-299g_NonHalal_NonHealthy
Cookies_200-299g_0311_NonHalal_13_png.rf.c0e5dcb6186cf71d6507f53c23446608.jpg,174,75,472,556,Cookies_200-299g_NonHalal_NonHealthy
Cookies_200-299g_0311_NonHalal_6_png.rf.f8be5b973e8e1eb7341589a4cbe80ea6.jpg,143,105,484,516,Cookies_200-299g_NonHalal_NonHealthy
Cookies_200-299g_0311_NonHalal_10_png.rf.cd6e78458c3febff00340e6ea07d0749.jpg,198,264,497,569,Cookies_200-299g_NonHalal_NonHealthy
Cookies_200-299g_0311_NonHalal_12_png.rf.cfe7f27fb03dadfaaea5a89c6f6c424e.jpg,194,42,525,535,Cookies_200-299g_NonHalal_NonHealthy
Cookies_200-299g_0311_NonHalal_3_png.rf.f1cdefaa48a7d7fe0b1d57eeb4b0fa01.jpg,158,176,593,469,Cookies_200-299g_NonHalal_NonHealthy
Cookies_200-299g_0311_NonHalal_1_png.rf.fcc503f65ae298a788e63ac4a4596102.jpg,42,172,589,488,Cookies_200-299g_NonHalal_NonHealthy
Cookies_200-299g_0311_NonHalal_9_png.rf.ec003c4476411efc05f45a5e7ec8291d.jpg,118,62,537,441,Cookies_200-299g_NonHalal_NonHealthy
Cookies_200-299g_0311_NonHalal_24_png.rf.e47a5830411d8f8b7c5d006996f6d96a.jpg,48,190,607,445,Cookies_200-299g_NonHalal_NonHealthy