IMG_9776_JPG.rf.170dc1baead4bc1ccb27e3d97cd2b031.jpg,182,13,468,600,RolledOatsInstantOatmeal_1000-1999g_Halal_NonHealthy
IMG_9781_JPG.rf.2ee9c4a2f3c3577c81b10098da5e6942.jpg,123,97,554,616,RolledOatsInstantOatmeal_1000-1999g_Halal_NonHealthy
IMG_9761_JPG.rf.0f5043a39871c019ebf19f538230591e.jpg,76,97,529,613,RolledOatsInstantOatmeal_1000-1999g_Halal_NonHealthy
IMG_9775_JPG.rf.24a0968c9eb2e67e55f60638b26c29cf.jpg,44,110,510,613,RolledOatsInstantOatmeal_1000-1999g_Halal_NonHealthy
IMG_9778_JPG.rf.58dc9025e5fa555cd505d654d2989fd2.jpg,96,84,479,610,RolledOatsInstantOatmeal_1000-1999g_Halal_NonHealthy
IMG_9772_JPG.rf.4c983c922f372c8b489395bc9318261b.jpg,47,68,521,631,RolledOatsInstantOatmeal_1000-1999g_Halal_NonHealthy
IMG_9773_JPG.rf.05235b7f0686c99e4ed7da8fde2f6f23.jpg,49,24,527,611,RolledOatsInstantOatmeal_1000-1999g_Halal_NonHealthy
IMG_9764_JPG.rf.88798b9a83dfddda85eb9260596930da.jpg,167,24,430,626,RolledOatsInstantOatmeal_1000-1999g_Halal_NonHealthy
IMG_9765_JPG.rf.a90ba8f16d64029b6c139c9acc55aeec.jpg,63,37,542,605,RolledOatsInstantOatmeal_1000-1999g_Halal_NonHealthy
IMG_9763_JPG.rf.7caa91260aecfca1e5dca30d854b36d3.jpg,72,66,512,640,RolledOatsInstantOatmeal_1000-1999g_Halal_NonHealthy
IMG_9762_JPG.rf.72d2f952d1e86645e2c84e28dbe8d0a6.jpg,199,28,410,640,RolledOatsInstantOatmeal_1000-1999g_Halal_NonHealthy
IMG_9774_JPG.rf.af5d22d6b2896e15da10120b7355120d.jpg,129,46,457,621,RolledOatsInstantOatmeal_1000-1999g_Halal_NonHealthy
IMG_9780_JPG.rf.76e1c3408a06a2805062928dbc2d24b7.jpg,95,33,546,607,RolledOatsInstantOatmeal_1000-1999g_Halal_NonHealthy
IMG_9782_JPG.rf.d87c496ef220ae739eaed1d80f0fa9f7.jpg,95,78,548,608,RolledOatsInstantOatmeal_1000-1999g_Halal_NonHealthy
IMG_9777_JPG.rf.b6622d56efae86c3b8b5660adacf176a.jpg,38,32,489,607,RolledOatsInstantOatmeal_1000-1999g_Halal_NonHealthy